cell_id,cell_id_read_count,umi_count,valid
EB_FO864_RF_AAACCTGAGGAGCGTT,26,1,True
EB_FO864_RF_AAACCTGGTCAATACC,79,6,True
EB_FO864_RF_AAACGGGAGTCTCGGC,113,2,True
EB_FO864_RF_AAACGGGGTGCCTGTG,136,3,True
EB_FO864_RF_AAAGATGCAGCTCGAC,35,3,True
EB_FO864_RF_AAAGATGGTATCGCAT,171,4,True
EB_FO864_RF_AAAGATGTCCTGCAGG,129,3,True
EB_FO864_RF_AAAGCAACAAACCTAC,16,1,True
EB_FO864_RF_AAAGCAAGTACAGCAG,2,1,True
EB_FO864_RF_AAAGCAAGTGTAAGTA,62,2,True
EB_FO864_RF_AAAGCAATCCACGAAT,268,2,True
EB_FO864_RF_AAAGCAATCCCACTTG,17,2,True
EB_FO864_RF_AAAGTAGAGCCCAACC,6,1,True
EB_FO864_RF_AAAGTAGAGTGGTAGC,7,1,True
EB_FO864_RF_AAAGTAGCAGCAGTTT,4,1,True
EB_FO864_RF_AAAGTAGCATCATCCC,8,3,True
EB_FO864_RF_AAAGTAGGTAATCACC,81,1,True
EB_FO864_RF_AAAGTAGGTGCACTTA,14,1,True
EB_FO864_RF_AAAGTAGTCCGCAAGC,20,2,True
EB_FO864_RF_AAATGCCAGTCGTACT,168,4,True
EB_FO864_RF_AAATGCCCAACACCTA,2,1,True
EB_FO864_RF_AAATGCCGTGTAATGA,48,1,True
EB_FO864_RF_AAATGCCTCAACACCA,7,1,True
EB_FO864_RF_AACACGTCAAACAACA,108,2,True
EB_FO864_RF_AACACGTGTAAACCTC,30,3,True
EB_FO864_RF_AACACGTGTAAGTAGT,41,5,True
EB_FO864_RF_AACACGTGTTGTTTGG,17,2,True
EB_FO864_RF_AACACGTTCACTCCTG,13,2,True
EB_FO864_RF_AACCATGAGCGAAGGG,283,6,True
EB_FO864_RF_AACCGCGCACAAGCCC,83,1,True
EB_FO864_RF_AACTCAGGTTACGGAG,246,6,True
EB_FO864_RF_AACTCAGGTTGTGGCC,275,6,True
EB_FO864_RF_AACTCAGTCGAATGCT,758,7,True
EB_FO864_RF_AACTCAGTCTGGTGTA,11,1,True
EB_FO864_RF_AACTCCCAGCGTTTAC,92,5,True
EB_FO864_RF_AACTCCCTCCACTCCA,130,1,True
EB_FO864_RF_AACTCTTAGGCACATG,5,1,True
EB_FO864_RF_AACTCTTGTTCGGGCT,81,2,True
EB_FO864_RF_AACTCTTTCAGGTTCA,86,2,True
EB_FO864_RF_AACTCTTTCGCAAACT,74,2,True
EB_FO864_RF_AACTGGTCACAGCGTC,5,1,True
EB_FO864_RF_AACTGGTCAGCGTAAG,129,3,True
EB_FO864_RF_AACTGGTGTCCGAATT,38,3,True
EB_FO864_RF_AACTTTCAGAACAATC,19,1,True
EB_FO864_RF_AAGACCTTCATGTCCC,50,3,True
EB_FO864_RF_AAGCCGCAGATGCCAG,152,3,True
EB_FO864_RF_AAGCCGCAGCGTAATA,112,3,True
EB_FO864_RF_AAGCCGCGTTATCGGT,96,2,True
EB_FO864_RF_AAGCCGCGTTGTGGAG,121,4,True
EB_FO864_RF_AAGGAGCCAAACAACA,122,3,True
EB_FO864_RF_AAGGAGCCATCGTCGG,219,3,True
EB_FO864_RF_AAGGAGCCATTTCACT,255,7,True
EB_FO864_RF_AAGGAGCGTCGGCTCA,72,2,True
EB_FO864_RF_AAGGCAGAGCCACGCT,29,2,True
EB_FO864_RF_AAGGCAGCATGCGCAC,2,1,True
EB_FO864_RF_AAGGCAGGTGGTACAG,713,10,True
EB_FO864_RF_AAGGCAGTCATCGGAT,3,1,True
EB_FO864_RF_AAGGTTCCAAGAAAGG,94,4,True
EB_FO864_RF_AAGGTTCGTGCCTGGT,5,1,True
EB_FO864_RF_AAGGTTCTCTGTACGA,15,1,True
EB_FO864_RF_AAGTCTGAGCGATGAC,96,1,True
EB_FO864_RF_AAGTCTGAGCTAAGAT,5,1,True
EB_FO864_RF_AAGTCTGTCACGACTA,6,1,True
EB_FO864_RF_AATCCAGAGCAGATCG,140,2,True
EB_FO864_RF_AATCGGTAGAGGTTGC,124,2,True
EB_FO864_RF_ACACCAAAGTGTCCAT,102,1,True
EB_FO864_RF_ACACCAAGTGCCTGGT,62,4,True
EB_FO864_RF_ACACCCTAGACCGGAT,5,1,True
EB_FO864_RF_ACACCCTCAGTAAGAT,34,2,True
EB_FO864_RF_ACACCCTGTAATAGCA,3,1,True
EB_FO864_RF_ACACCCTGTGCAACTT,443,6,True
EB_FO864_RF_ACACCCTTCGTCTGCT,175,4,True
EB_FO864_RF_ACACCGGAGAAACGCC,218,5,True
EB_FO864_RF_ACACCGGAGATGGCGT,54,3,True
EB_FO864_RF_ACACCGGCAACTGCGC,79,3,True
EB_FO864_RF_ACACCGGCACATCCGG,368,8,True
EB_FO864_RF_ACACCGGCAGATCCAT,126,2,True
EB_FO864_RF_ACACCGGCATTCCTCG,2,1,True
EB_FO864_RF_ACACCGGTCGAGAACG,8,2,True
EB_FO864_RF_ACACTGAAGACATAAC,125,2,True
EB_FO864_RF_ACACTGAAGCCACGCT,84,4,True
EB_FO864_RF_ACACTGACAAGTACCT,417,8,True
EB_FO864_RF_ACAGCCGAGATCCTGT,25,1,True
EB_FO864_RF_ACAGCCGAGCTCTCGG,43,1,True
EB_FO864_RF_ACAGCCGGTACGCTGC,19,2,True
EB_FO864_RF_ACAGCCGGTCAGTGGA,74,2,True
EB_FO864_RF_ACAGCCGTCGCATGAT,103,3,True
EB_FO864_RF_ACAGCTAAGAATTGTG,6,1,True
EB_FO864_RF_ACAGCTAAGTGTTTGC,111,3,True
EB_FO864_RF_ACAGCTAGTACGAAAT,333,3,True
EB_FO864_RF_ACATCAGAGTTAACGA,7,1,True
EB_FO864_RF_ACATCAGGTGTGGTTT,99,4,True
EB_FO864_RF_ACATCAGTCAAACGGG,90,5,True
EB_FO864_RF_ACATGGTAGTGATCGG,5,1,True
EB_FO864_RF_ACATGGTCAGTCTTCC,231,5,True
EB_FO864_RF_ACCAGTAAGAAGGTTT,103,1,True
EB_FO864_RF_ACCAGTAAGCTCAACT,87,4,True
EB_FO864_RF_ACCAGTAGTCCATCCT,605,5,True
EB_FO864_RF_ACCCACTAGGTGCTTT,117,3,True
EB_FO864_RF_ACCCACTCAACTGCTA,6,1,True
EB_FO864_RF_ACCCACTGTCCGAGTC,190,1,True
EB_FO864_RF_ACCCACTTCAGAGACG,121,2,True
EB_FO864_RF_ACCGTAAAGGTGTGGT,75,1,True
EB_FO864_RF_ACCGTAACATCGATGT,36,2,True
EB_FO864_RF_ACCGTAAGTATAGGGC,71,2,True
EB_FO864_RF_ACCTTTACACTAAGTC,2,1,True
EB_FO864_RF_ACCTTTACAGGTGGAT,95,2,True
EB_FO864_RF_ACCTTTAGTCGAAAGC,3,1,True
EB_FO864_RF_ACCTTTATCCTAGGGC,55,1,True
EB_FO864_RF_ACGAGCCAGTGAACAT,488,10,True
EB_FO864_RF_ACGAGCCGTTCCATGA,101,2,True
EB_FO864_RF_ACGAGCCTCCTTTACA,76,3,True
EB_FO864_RF_ACGAGCCTCTCCTATA,126,2,True
EB_FO864_RF_ACGAGGAAGGTACTCT,129,2,True
EB_FO864_RF_ACGAGGAAGGTGATTA,398,6,True
EB_FO864_RF_ACGATACCAAGGCTCC,86,1,True
EB_FO864_RF_ACGATACGTAGGCTGA,21,3,True
EB_FO864_RF_ACGATACGTTTGACTG,216,12,True
EB_FO864_RF_ACGATACTCGAACTGT,74,5,True
EB_FO864_RF_ACGATGTCACACGCTG,533,12,True
EB_FO864_RF_ACGATGTCATCTCCCA,169,4,True
EB_FO864_RF_ACGATGTGTCCATCCT,2,1,True
EB_FO864_RF_ACGATGTGTGCAGACA,158,1,True
EB_FO864_RF_ACGCAGCCATTGAGCT,60,5,True
EB_FO864_RF_ACGCAGCTCTCAACTT,32,3,True
EB_FO864_RF_ACGCCAGAGATCTGAA,157,3,True
EB_FO864_RF_ACGCCAGCATAGACTC,4,1,True
EB_FO864_RF_ACGCCAGCATTTCACT,252,5,True
EB_FO864_RF_ACGCCAGGTAAGAGGA,61,2,True
EB_FO864_RF_ACGCCAGGTCATGCAT,2,1,True
EB_FO864_RF_ACGCCAGGTTGCTCCT,28,1,True
EB_FO864_RF_ACGCCAGTCCACGACG,28,1,True
EB_FO864_RF_ACGCCGAAGTTGTCGT,2,1,True
EB_FO864_RF_ACGCCGAGTCAAACTC,122,7,True
EB_FO864_RF_ACGGAGAAGAATGTTG,65,2,True
EB_FO864_RF_ACGGAGAAGCAGACTG,68,1,True
EB_FO864_RF_ACGGAGAAGCGCTCCA,24,2,True
EB_FO864_RF_ACGGAGACAACTTGAC,178,6,True
EB_FO864_RF_ACGGAGACAGACACTT,192,4,True
EB_FO864_RF_ACGGAGAGTGTCAATC,7,2,True
EB_FO864_RF_ACGGAGATCCGCGCAA,11,2,True
EB_FO864_RF_ACGGCCAAGAGGACGG,7,1,True
EB_FO864_RF_ACGGCCAAGTCCGTAT,339,7,True
EB_FO864_RF_ACGGCCAAGTCGAGTG,227,5,True
EB_FO864_RF_ACGGCCAGTCGCATAT,183,7,True
EB_FO864_RF_ACGGGTCAGAGCTTCT,199,2,True
EB_FO864_RF_ACGGGTCGTCCGTTAA,6,1,True
EB_FO864_RF_ACGGGTCGTTTCGCTC,3,1,True
EB_FO864_RF_ACGTCAAGTTGAACTC,251,2,True
EB_FO864_RF_ACGTCAATCCGTAGTA,219,2,True
EB_FO864_RF_ACGTCAATCTAGAGTC,91,4,True
EB_FO864_RF_ACTATCTAGTCAAGGC,88,1,True
EB_FO864_RF_ACTATCTGTACCGTTA,5,1,True
EB_FO864_RF_ACTGAACAGGCTACGA,4,1,True
EB_FO864_RF_ACTGAACCAAGTCATC,2,1,True
EB_FO864_RF_ACTGAACCACATTAGC,104,1,True
EB_FO864_RF_ACTGAACCACGGTAAG,338,7,True
EB_FO864_RF_ACTGAACCAGTATCTG,593,15,True
EB_FO864_RF_ACTGATGAGGAGCGTT,279,2,True
EB_FO864_RF_ACTGCTCAGGCATGGT,150,1,True
EB_FO864_RF_ACTGCTCTCACCACCT,271,5,True
EB_FO864_RF_ACTGTCCAGACTTGAA,12,4,True
EB_FO864_RF_ACTGTCCAGCGTGTCC,117,4,True
EB_FO864_RF_ACTGTCCAGGACGAAA,447,6,True
EB_FO864_RF_ACTGTCCCAAGCGATG,57,3,True
EB_FO864_RF_ACTTGTTAGTGTTAGA,210,2,True
EB_FO864_RF_ACTTGTTTCACATGCA,10,1,True
EB_FO864_RF_ACTTTCAAGGTGCTTT,7,1,True
EB_FO864_RF_ACTTTCACAGGCTCAC,18,3,True
EB_FO864_RF_AGACGTTGTTCGAATC,13,2,True
EB_FO864_RF_AGAGCGACATCGATTG,11,2,True
EB_FO864_RF_AGAGCGAGTCGGCTCA,177,6,True
EB_FO864_RF_AGAGCTTAGTGGTAGC,42,3,True
EB_FO864_RF_AGAGCTTGTGACTACT,32,2,True
EB_FO864_RF_AGAGTGGAGCCCAATT,50,2,True
EB_FO864_RF_AGAGTGGGTACTTCTT,470,9,True
EB_FO864_RF_AGATCTGAGAGGGATA,121,2,True
EB_FO864_RF_AGATCTGCATACTACG,13,1,True
EB_FO864_RF_AGATTGCAGCGTGAAC,9,1,True
EB_FO864_RF_AGATTGCCACGCGAAA,12,3,True
EB_FO864_RF_AGATTGCCAGGCTGAA,131,1,True
EB_FO864_RF_AGATTGCCATCACGAT,6,1,True
EB_FO864_RF_AGATTGCGTAGCGTCC,139,2,True
EB_FO864_RF_AGCAGCCTCTAACCGA,100,3,True
EB_FO864_RF_AGCATACGTAGCAAAT,512,7,True
EB_FO864_RF_AGCATACGTTGAGTTC,78,2,True
EB_FO864_RF_AGCATACTCCGCAGTG,4,1,True
EB_FO864_RF_AGCCTAAAGAGAGCTC,193,4,True
EB_FO864_RF_AGCCTAACAAGCCTAT,118,1,True
EB_FO864_RF_AGCCTAACACCGTTGG,56,1,True
EB_FO864_RF_AGCCTAACATCCTAGA,270,6,True
EB_FO864_RF_AGCCTAATCTTAGCCC,3,1,True
EB_FO864_RF_AGCGGTCCATGGGAAC,9,2,True
EB_FO864_RF_AGCGGTCTCTGGTGTA,2,1,True
EB_FO864_RF_AGCGTATCAAGGGTCA,20,1,True
EB_FO864_RF_AGCGTATCACTCTGTC,174,5,True
EB_FO864_RF_AGCGTATCAGACACTT,38,1,True
EB_FO864_RF_AGCGTATCATAACCTG,95,2,True
EB_FO864_RF_AGCGTATCATCACCCT,5,2,True
EB_FO864_RF_AGCGTATCATGACATC,25,2,True
EB_FO864_RF_AGCGTATGTCCTGCTT,3,1,True
EB_FO864_RF_AGCGTATTCAGTGTTG,10,1,True
EB_FO864_RF_AGCGTCGGTCGAAAGC,45,2,True
EB_FO864_RF_AGCTCCTGTGTTTGGT,141,3,True
EB_FO864_RF_AGCTCCTTCACAGGCC,95,1,True
EB_FO864_RF_AGCTCTCCATCTCCCA,25,2,True
EB_FO864_RF_AGCTTGAAGAGTACAT,13,4,True
EB_FO864_RF_AGCTTGAAGCCAACAG,5,3,True
EB_FO864_RF_AGCTTGAAGGACACCA,6,1,True
EB_FO864_RF_AGCTTGACAGCGTTCG,3,1,True
EB_FO864_RF_AGCTTGATCATTGCGA,683,14,True
EB_FO864_RF_AGGCCACAGCAACGGT,10,3,True
EB_FO864_RF_AGGCCACAGGCATGGT,97,2,True
EB_FO864_RF_AGGCCACCAGTAACGG,66,4,True
EB_FO864_RF_AGGGAGTAGGCTAGCA,92,2,True
EB_FO864_RF_AGGGAGTCATGACATC,6,2,True
EB_FO864_RF_AGGGAGTGTAGCCTCG,54,1,True
EB_FO864_RF_AGGGAGTGTGTTCTTT,5,1,True
EB_FO864_RF_AGGGTGACATAAGACA,370,4,True
EB_FO864_RF_AGGGTGAGTCCTCTTG,60,2,True
EB_FO864_RF_AGGTCATAGAATAGGG,10,1,True
EB_FO864_RF_AGGTCATAGTGTCTCA,9,4,True
EB_FO864_RF_AGGTCATCACTTAACG,104,2,True
EB_FO864_RF_AGGTCATGTCACCCAG,54,4,True
EB_FO864_RF_AGGTCATGTTATCACG,377,3,True
EB_FO864_RF_AGGTCCGAGACAAGCC,259,4,True
EB_FO864_RF_AGGTCCGCACCGAATT,2,1,True
EB_FO864_RF_AGGTCCGGTGGCAAAC,83,1,True
EB_FO864_RF_AGGTCCGTCATCGCTC,3,1,True
EB_FO864_RF_AGTAGTCAGCAGCGTA,126,1,True
EB_FO864_RF_AGTAGTCCAAATCCGT,201,3,True
EB_FO864_RF_AGTAGTCTCCGTACAA,8,1,True
EB_FO864_RF_AGTCTTTAGAGTGAGA,130,5,True
EB_FO864_RF_AGTCTTTCACGAGGTA,137,1,True
EB_FO864_RF_AGTGAGGCACTGTGTA,27,2,True
EB_FO864_RF_AGTGAGGCATCCCATC,97,4,True
EB_FO864_RF_AGTGAGGGTCACTTCC,29,3,True
EB_FO864_RF_AGTGAGGGTGGCCCTA,97,3,True
EB_FO864_RF_AGTGAGGGTTCTGAAC,45,4,True
EB_FO864_RF_AGTGGGACAAACAACA,231,4,True
EB_FO864_RF_AGTGGGACAATAGAGT,89,3,True
EB_FO864_RF_AGTGGGACACCATCCT,45,1,True
EB_FO864_RF_AGTGGGACAGTCAGCC,4,1,True
EB_FO864_RF_AGTGGGACATAAAGGT,99,2,True
EB_FO864_RF_AGTGGGAGTTGAGGTG,37,1,True
EB_FO864_RF_AGTGGGATCATTATCC,10,1,True
EB_FO864_RF_AGTTGGTCAACTGCTA,70,3,True
EB_FO864_RF_AGTTGGTCAGCGATCC,33,2,True
EB_FO864_RF_AGTTGGTGTCCGAATT,320,8,True
EB_FO864_RF_AGTTGGTGTGCAACGA,39,2,True
EB_FO864_RF_AGTTGGTTCACTTCAT,84,2,True
EB_FO864_RF_ATAACGCAGTACGCGA,2,1,True
EB_FO864_RF_ATAACGCTCAGAGACG,18,1,True
EB_FO864_RF_ATAACGCTCCTAGAAC,279,11,True
EB_FO864_RF_ATAACGCTCTTAGCCC,25,2,True
EB_FO864_RF_ATAAGAGAGCGTTCCG,447,12,True
EB_FO864_RF_ATAAGAGAGTCAATAG,35,1,True
EB_FO864_RF_ATAAGAGGTTAAGGGC,465,6,True
EB_FO864_RF_ATAGACCCAGTAAGAT,17,1,True
EB_FO864_RF_ATAGACCGTTTGTGTG,1143,22,True
EB_FO864_RF_ATCACGACACTATCTT,106,3,True
EB_FO864_RF_ATCACGACAGTATCTG,112,4,True
EB_FO864_RF_ATCATCTAGGATATAC,21,1,True
EB_FO864_RF_ATCATCTCAACACCTA,130,2,True
EB_FO864_RF_ATCATGGAGAGACGAA,42,1,True
EB_FO864_RF_ATCATGGCAGCTGGCT,64,2,True
EB_FO864_RF_ATCATGGCATTACCTT,216,8,True
EB_FO864_RF_ATCATGGGTCGACTAT,181,4,True
EB_FO864_RF_ATCATGGGTTAGAACA,331,5,True
EB_FO864_RF_ATCATGGGTTCCCGAG,3,1,True
EB_FO864_RF_ATCCACCAGCACCGCT,307,4,True
EB_FO864_RF_ATCCACCCATCGGACC,4,2,True
EB_FO864_RF_ATCCACCTCAGTTAGC,123,2,True
EB_FO864_RF_ATCCACCTCCACTGGG,3,1,True
EB_FO864_RF_ATCCGAAAGGGCTTCC,31,2,True
EB_FO864_RF_ATCCGAACATAACCTG,424,8,True
EB_FO864_RF_ATCCGAAGTCATGCAT,2,1,True
EB_FO864_RF_ATCCGAAGTTGATTCG,224,3,True
EB_FO864_RF_ATCCGAATCTGTTTGT,5,2,True
EB_FO864_RF_ATCGAGTCATACTCTT,236,3,True
EB_FO864_RF_ATCTACTAGCAGGTCA,19,2,True
EB_FO864_RF_ATCTACTCACTACAGT,36,2,True
EB_FO864_RF_ATCTACTCATCTCCCA,137,3,True
EB_FO864_RF_ATCTGCCAGGTGCACA,85,2,True
EB_FO864_RF_ATCTGCCAGTCCATAC,1272,23,True
EB_FO864_RF_ATCTGCCCACGGCGTT,550,9,True
EB_FO864_RF_ATCTGCCGTGCGGTAA,3,1,True
EB_FO864_RF_ATCTGCCTCACAACGT,74,2,True
EB_FO864_RF_ATGAGGGAGACAGACC,4,2,True
EB_FO864_RF_ATGAGGGCAAGTCATC,200,3,True
EB_FO864_RF_ATGAGGGCAATCCAAC,21,2,True
EB_FO864_RF_ATGAGGGCACAGGCCT,227,4,True
EB_FO864_RF_ATGAGGGCAGACAGGT,104,5,True
EB_FO864_RF_ATGAGGGTCGTCGTTC,24,1,True
EB_FO864_RF_ATGCGATCACCGAAAG,11,1,True
EB_FO864_RF_ATGCGATTCACCTCGT,11,1,True
EB_FO864_RF_ATGGGAGTCGAATGGG,144,1,True
EB_FO864_RF_ATGTGTGAGATCGGGT,15,1,True
EB_FO864_RF_ATGTGTGTCAGAGACG,48,2,True
EB_FO864_RF_ATGTGTGTCTCGTTTA,87,3,True
EB_FO864_RF_ATTACTCAGAGGGCTT,88,5,True
EB_FO864_RF_ATTACTCCACAGCCCA,236,2,True
EB_FO864_RF_ATTACTCCATGTAAGA,25,1,True
EB_FO864_RF_ATTACTCGTAGCCTCG,202,4,True
EB_FO864_RF_ATTACTCGTCGGCATC,447,7,True
EB_FO864_RF_ATTATCCAGAAGATTC,86,3,True
EB_FO864_RF_ATTATCCAGATATACG,58,2,True
EB_FO864_RF_ATTATCCAGCTCTCGG,258,4,True
EB_FO864_RF_ATTCTACCATTTCAGG,468,7,True
EB_FO864_RF_ATTCTACTCCGTCATC,95,2,True
EB_FO864_RF_ATTCTACTCGTCGTTC,168,1,True
EB_FO864_RF_ATTGGACCAATCTGCA,8,2,True
EB_FO864_RF_ATTGGTGAGGCGATAC,77,3,True
EB_FO864_RF_ATTTCTGCAACTGCTA,89,5,True
EB_FO864_RF_ATTTCTGCACCGATAT,3,1,True
EB_FO864_RF_ATTTCTGCATGCCCGA,561,8,True
EB_FO864_RF_CAACCAAAGGGTATCG,159,2,True
EB_FO864_RF_CAACCAAGTTCAGACT,14,1,True
EB_FO864_RF_CAACCAATCCGCGTTT,250,4,True
EB_FO864_RF_CAACCTCAGCACCGCT,3,1,True
EB_FO864_RF_CAACCTCCAAGCGAGT,100,1,True
EB_FO864_RF_CAACCTCCATAAAGGT,2,1,True
EB_FO864_RF_CAACCTCCATACTCTT,485,9,True
EB_FO864_RF_CAACTAGAGCGCCTTG,4,1,True
EB_FO864_RF_CAACTAGTCTTGGGTA,413,3,True
EB_FO864_RF_CAAGAAAAGACTACAA,35,2,True
EB_FO864_RF_CAAGAAAAGGCAAAGA,4,1,True
EB_FO864_RF_CAAGAAACAAGTACCT,17,3,True
EB_FO864_RF_CAAGAAACAATTGCTG,49,1,True
EB_FO864_RF_CAAGAAAGTATAGGGC,47,1,True
EB_FO864_RF_CAAGAAAGTCATATCG,26,2,True
EB_FO864_RF_CAAGAAATCGTTGCCT,71,2,True
EB_FO864_RF_CAAGATCAGCACAGGT,10,3,True
EB_FO864_RF_CAAGATCAGTCAAGGC,76,3,True
EB_FO864_RF_CAAGATCGTTTGCATG,3,1,True
EB_FO864_RF_CAAGGCCCATGCCTTC,286,10,True
EB_FO864_RF_CAAGGCCGTGAGTATA,9,1,True
EB_FO864_RF_CAAGGCCGTGCTCTTC,7,4,True
EB_FO864_RF_CAAGTTGCATTCTTAC,22,3,True
EB_FO864_RF_CAAGTTGTCTTGAGGT,5,1,True
EB_FO864_RF_CACAAACAGATCCTGT,130,2,True
EB_FO864_RF_CACAAACCACTTAACG,143,4,True
EB_FO864_RF_CACAAACGTGCAGTAG,73,1,True
EB_FO864_RF_CACAAACGTTCCACAA,280,5,True
EB_FO864_RF_CACACAAAGGGAAACA,110,2,True
EB_FO864_RF_CACACAAAGTATGACA,37,1,True
EB_FO864_RF_CACACAACAGGTGGAT,21,1,True
EB_FO864_RF_CACACCTAGACTAGGC,178,4,True
EB_FO864_RF_CACACCTGTCATGCAT,128,4,True
EB_FO864_RF_CACACTCAGTTCGATC,126,2,True
EB_FO864_RF_CACACTCCAGCCACCA,380,6,True
EB_FO864_RF_CACACTCCATTCACTT,189,1,True
EB_FO864_RF_CACAGGCGTGATAAAC,5,1,True
EB_FO864_RF_CACAGGCGTTCCTCCA,253,5,True
EB_FO864_RF_CACAGTACACAGGCCT,11,1,True
EB_FO864_RF_CACAGTACAGGGATTG,225,7,True
EB_FO864_RF_CACAGTAGTCTCACCT,6,1,True
EB_FO864_RF_CACAGTAGTTGGGACA,67,1,True
EB_FO864_RF_CACAGTATCAGTTCGA,27,1,True
EB_FO864_RF_CACATAGAGAGTCGGT,7,2,True
EB_FO864_RF_CACATAGAGCCGGTAA,286,4,True
EB_FO864_RF_CACATAGGTCGCGTGT,9,1,True
EB_FO864_RF_CACATAGGTCTGCCAG,44,2,True
EB_FO864_RF_CACATAGGTCTTCAAG,71,1,True
EB_FO864_RF_CACATAGTCATGTCTT,73,2,True
EB_FO864_RF_CACATAGTCTCCGGTT,4,2,True
EB_FO864_RF_CACATTTCACAACTGT,32,3,True
EB_FO864_RF_CACATTTGTAAAGGAG,69,1,True
EB_FO864_RF_CACATTTGTTAAGTAG,473,4,True
EB_FO864_RF_CACATTTTCAAGGCTT,143,3,True
EB_FO864_RF_CACATTTTCTGTCCGT,503,8,True
EB_FO864_RF_CACCACTAGTTAACGA,55,1,True
EB_FO864_RF_CACCACTCATTAGCCA,22,1,True
EB_FO864_RF_CACCACTGTCAGTGGA,64,5,True
EB_FO864_RF_CACCACTTCTGTCCGT,2,1,True
EB_FO864_RF_CACCAGGCAAGCCGTC,715,9,True
EB_FO864_RF_CACCAGGCAAGCTGTT,396,7,True
EB_FO864_RF_CACCAGGCAATCACAC,22,1,True
EB_FO864_RF_CACCAGGCACCGTTGG,12,2,True
EB_FO864_RF_CACCAGGGTATAGGGC,69,1,True
EB_FO864_RF_CACCAGGTCAAGGCTT,100,3,True
EB_FO864_RF_CACCTTGCACCAACCG,38,1,True
EB_FO864_RF_CACCTTGCAGTAAGCG,182,3,True
EB_FO864_RF_CACCTTGGTCCTAGCG,4,2,True
EB_FO864_RF_CACTCCAGTGGGTATG,23,1,True
EB_FO864_RF_CAGAATCCAATGGATA,328,8,True
EB_FO864_RF_CAGAGAGAGCGGCTTC,75,1,True
EB_FO864_RF_CAGAGAGCAATCGAAA,74,1,True
EB_FO864_RF_CAGAGAGCACATGTGT,6,1,True
EB_FO864_RF_CAGAGAGGTTACCAGT,829,10,True
EB_FO864_RF_CAGAGAGTCATCTGTT,33,2,True
EB_FO864_RF_CAGAGAGTCCAATGGT,128,4,True
EB_FO864_RF_CAGATCAAGAGGGCTT,117,4,True
EB_FO864_RF_CAGATCAAGTAGCCGA,58,1,True
EB_FO864_RF_CAGATCACAAAGGTGC,130,4,True
EB_FO864_RF_CAGATCAGTCATGCCG,222,2,True
EB_FO864_RF_CAGATCATCACGAAGG,3,1,True
EB_FO864_RF_CAGATCATCGATAGAA,18,2,True
EB_FO864_RF_CAGATCATCGGACAAG,3,1,True
EB_FO864_RF_CAGCAGCAGTGAAGAG,112,2,True
EB_FO864_RF_CAGCAGCCAGCTCGAC,134,2,True
EB_FO864_RF_CAGCAGCCAGTAGAGC,49,2,True
EB_FO864_RF_CAGCAGCTCTGTTGAG,496,8,True
EB_FO864_RF_CAGCATAAGACAGGCT,61,2,True
EB_FO864_RF_CAGCATAAGTGAACGC,112,3,True
EB_FO864_RF_CAGCATACAAACCCAT,40,2,True
EB_FO864_RF_CAGCATACAGATTGCT,3,1,True
EB_FO864_RF_CAGCCGAGTCAGAATA,175,2,True
EB_FO864_RF_CAGCGACAGACGCTTT,65,1,True
EB_FO864_RF_CAGCGACAGGTCGGAT,67,5,True
EB_FO864_RF_CAGCGACCATCGGAAG,68,2,True
EB_FO864_RF_CAGCGACGTATTCGTG,521,7,True
EB_FO864_RF_CAGCGACGTCACAAGG,502,6,True
EB_FO864_RF_CAGCGACGTGAGTATA,88,3,True
EB_FO864_RF_CAGCGACGTTCACCTC,1397,20,True
EB_FO864_RF_CAGCGACTCTGGCGAC,30,1,True
EB_FO864_RF_CAGCTAATCATGTCCC,677,12,True
EB_FO864_RF_CAGCTAATCCACGTTC,43,3,True
EB_FO864_RF_CAGCTGGCACATCCAA,3,1,True
EB_FO864_RF_CAGCTGGCACCATCCT,13,3,True
EB_FO864_RF_CAGCTGGCAGCCAATT,102,3,True
EB_FO864_RF_CAGCTGGGTCTTCGTC,25,2,True
EB_FO864_RF_CAGCTGGGTTGGTAAA,395,15,True
EB_FO864_RF_CAGGTGCAGTGCTGCC,123,3,True
EB_FO864_RF_CAGGTGCTCCGAAGAG,296,11,True
EB_FO864_RF_CAGTAACAGGGAAACA,40,2,True
EB_FO864_RF_CAGTAACAGTCCTCCT,550,10,True
EB_FO864_RF_CAGTAACGTATCGCAT,11,1,True
EB_FO864_RF_CAGTAACGTGGCGAAT,49,2,True
EB_FO864_RF_CAGTAACTCCCATTAT,5,1,True
EB_FO864_RF_CAGTAACTCGACCAGC,3,1,True
EB_FO864_RF_CAGTAACTCGGAAATA,246,10,True
EB_FO864_RF_CAGTCCTAGACACGAC,91,1,True
EB_FO864_RF_CAGTCCTAGTCTCCTC,6,1,True
EB_FO864_RF_CAGTCCTAGTGAAGTT,64,1,True
EB_FO864_RF_CAGTCCTCATTAACCG,21,1,True
EB_FO864_RF_CAGTCCTGTTGTGGCC,105,3,True
EB_FO864_RF_CAGTCCTTCTTGTATC,7,1,True
EB_FO864_RF_CATATGGAGCCCGAAA,209,3,True
EB_FO864_RF_CATATGGGTCAAAGCG,124,1,True
EB_FO864_RF_CATATGGGTTAAAGAC,108,5,True
EB_FO864_RF_CATATTCTCCCATTTA,16,2,True
EB_FO864_RF_CATCAAGCAGCTCGAC,24,1,True
EB_FO864_RF_CATCAAGGTTACAGAA,22,2,True
EB_FO864_RF_CATCAAGGTTATCGGT,139,3,True
EB_FO864_RF_CATCAGACAGTCAGAG,13,1,True
EB_FO864_RF_CATCAGATCCAAACAC,169,3,True
EB_FO864_RF_CATCAGATCCGTACAA,10,2,True
EB_FO864_RF_CATCAGATCCTAGTGA,213,2,True
EB_FO864_RF_CATCCACAGGTGGGTT,42,2,True
EB_FO864_RF_CATCCACAGTCCATAC,100,8,True
EB_FO864_RF_CATCCACCACAGGTTT,77,1,True
EB_FO864_RF_CATCCACTCTCTGAGA,2,1,True
EB_FO864_RF_CATCCACTCTGTCTCG,132,2,True
EB_FO864_RF_CATCGAAGTAACGTTC,290,3,True
EB_FO864_RF_CATCGAATCGTAGGTT,92,4,True
EB_FO864_RF_CATCGGGAGTCTTGCA,37,1,True
EB_FO864_RF_CATCGGGGTAGAAAGG,26,1,True
EB_FO864_RF_CATCGGGTCCAAACTG,30,3,True
EB_FO864_RF_CATGACACAAGGGTCA,218,9,True
EB_FO864_RF_CATGACACACCACCAG,5,1,True
EB_FO864_RF_CATGACACATCACCCT,210,2,True
EB_FO864_RF_CATGACAGTGCACCAC,17,1,True
EB_FO864_RF_CATGCCTCATTACCTT,91,4,True
EB_FO864_RF_CATGCCTGTTATCCGA,122,1,True
EB_FO864_RF_CATGGCGGTAGTAGTA,53,4,True
EB_FO864_RF_CATTATCAGGAGTAGA,150,5,True
EB_FO864_RF_CATTATCAGTTATCGC,27,3,True
EB_FO864_RF_CATTATCCAAGAGTCG,85,2,True
EB_FO864_RF_CATTATCTCGGAATCT,2,1,True
EB_FO864_RF_CCAATCCAGAGACTAT,2,1,True
EB_FO864_RF_CCAATCCAGGAGCGTT,11,1,True
EB_FO864_RF_CCAATCCGTAAGTAGT,42,2,True
EB_FO864_RF_CCAATCCTCACATAGC,12,2,True
EB_FO864_RF_CCAATCCTCGTTACAG,61,1,True
EB_FO864_RF_CCACCTAAGCGTTTAC,15,1,True
EB_FO864_RF_CCACCTACATAAAGGT,5,1,True
EB_FO864_RF_CCACCTATCACAAACC,2,1,True
EB_FO864_RF_CCACCTATCATGTCTT,2,1,True
EB_FO864_RF_CCACGGAAGCGATTCT,42,2,True
EB_FO864_RF_CCACGGATCGAGCCCA,131,4,True
EB_FO864_RF_CCACTACAGTGGGCTA,31,4,True
EB_FO864_RF_CCAGCGAAGATGTTAG,593,7,True
EB_FO864_RF_CCAGCGACAGTAACGG,371,11,True
EB_FO864_RF_CCAGCGAGTATAGTAG,143,2,True
EB_FO864_RF_CCATGTCCAACTGCGC,64,1,True
EB_FO864_RF_CCATGTCCAAGCTGAG,107,4,True
EB_FO864_RF_CCATGTCTCATCATTC,8,1,True
EB_FO864_RF_CCATGTCTCCTTAATC,9,2,True
EB_FO864_RF_CCATGTCTCGCAAACT,13,3,True
EB_FO864_RF_CCATTCGAGGGTGTTG,18,2,True
EB_FO864_RF_CCATTCGAGGTAAACT,250,8,True
EB_FO864_RF_CCATTCGGTCATACTG,7,1,True
EB_FO864_RF_CCATTCGGTTACGACT,4,1,True
EB_FO864_RF_CCATTCGGTTGCGCAC,131,4,True
EB_FO864_RF_CCATTCGTCAGCTGGC,554,9,True
EB_FO864_RF_CCCAATCCAGACTCGC,14,1,True
EB_FO864_RF_CCCAATCCATTGGTAC,57,4,True
EB_FO864_RF_CCCAATCTCGGAGGTA,11,1,True
EB_FO864_RF_CCCAGTTCAGAGTGTG,339,7,True
EB_FO864_RF_CCCAGTTCATAGAAAC,229,4,True
EB_FO864_RF_CCCAGTTTCTCGTTTA,4,1,True
EB_FO864_RF_CCCAGTTTCTTCATGT,9,1,True
EB_FO864_RF_CCCATACAGCGATATA,51,3,True
EB_FO864_RF_CCCATACGTCAATGTC,40,1,True
EB_FO864_RF_CCCTCCTGTCACCCAG,80,2,True
EB_FO864_RF_CCCTCCTGTGACTCAT,90,1,True
EB_FO864_RF_CCCTCCTGTGTATGGG,25,2,True
EB_FO864_RF_CCCTCCTTCGACGGAA,100,5,True
EB_FO864_RF_CCGGGATAGCCCAATT,2,1,True
EB_FO864_RF_CCGGGATCAACTTGAC,10,1,True
EB_FO864_RF_CCGGGATCATTTGCCC,28,2,True
EB_FO864_RF_CCGGGATGTTATCACG,732,12,True
EB_FO864_RF_CCGGTAGAGTGAATTG,90,2,True
EB_FO864_RF_CCGGTAGCAGACAAAT,14,1,True
EB_FO864_RF_CCGGTAGGTTCAACCA,199,2,True
EB_FO864_RF_CCGGTAGTCCGCGTTT,221,4,True
EB_FO864_RF_CCGTACTCAAGCTGAG,9,1,True
EB_FO864_RF_CCGTACTGTAGGCTGA,39,1,True
EB_FO864_RF_CCGTACTGTGCACTTA,434,4,True
EB_FO864_RF_CCGTGGACAAGGGTCA,89,1,True
EB_FO864_RF_CCGTGGACACAGGCCT,91,2,True
EB_FO864_RF_CCGTGGAGTCTAAAGA,84,2,True
EB_FO864_RF_CCGTTCAAGGACACCA,287,4,True
EB_FO864_RF_CCGTTCATCTCGTTTA,3,1,True
EB_FO864_RF_CCTAAAGCACCGAATT,237,6,True
EB_FO864_RF_CCTAAAGGTGAGGCTA,394,9,True
EB_FO864_RF_CCTAAAGGTTGACGTT,15,1,True
EB_FO864_RF_CCTACACCAGCTATTG,49,2,True
EB_FO864_RF_CCTACACTCGTTTGCC,144,4,True
EB_FO864_RF_CCTACCAGTCATGCAT,34,1,True
EB_FO864_RF_CCTACCATCCCTTGTG,96,4,True
EB_FO864_RF_CCTAGCTGTCTTGTCC,78,2,True
EB_FO864_RF_CCTATTAAGAAGGCCT,102,2,True
EB_FO864_RF_CCTATTACATTGAGCT,95,2,True
EB_FO864_RF_CCTATTAGTTGAGTTC,19,1,True
EB_FO864_RF_CCTCAGTCAATTGCTG,62,1,True
EB_FO864_RF_CCTCAGTCATGATCCA,85,1,True
EB_FO864_RF_CCTCAGTGTGTTCTTT,194,9,True
EB_FO864_RF_CCTCTGACATGTTCCC,18,1,True
EB_FO864_RF_CCTCTGAGTTTACTCT,4,1,True
EB_FO864_RF_CCTCTGATCAACGGCC,82,2,True
EB_FO864_RF_CCTTACGCATTAGGCT,209,4,True
EB_FO864_RF_CCTTACGGTCTGCCAG,438,3,True
EB_FO864_RF_CCTTCCCGTCAACATC,162,4,True
EB_FO864_RF_CCTTCGAAGAGCTTCT,53,4,True
EB_FO864_RF_CCTTCGAGTACAGACG,23,1,True
EB_FO864_RF_CCTTCGATCACCTCGT,74,3,True
EB_FO864_RF_CCTTTCTCATATGAGA,431,5,True
EB_FO864_RF_CCTTTCTGTGCTTCTC,136,4,True
EB_FO864_RF_CCTTTCTGTTCTGAAC,37,2,True
EB_FO864_RF_CGAATGTAGACAGGCT,45,3,True
EB_FO864_RF_CGAATGTTCTCTGTCG,12,2,True
EB_FO864_RF_CGACCTTTCCATTCTA,98,2,True
EB_FO864_RF_CGACCTTTCCTCCTAG,2,1,True
EB_FO864_RF_CGACCTTTCGGTCTAA,87,3,True
EB_FO864_RF_CGACCTTTCTCCCTGA,84,1,True
EB_FO864_RF_CGACTTCAGCCAACAG,5,1,True
EB_FO864_RF_CGACTTCAGTAGCGGT,23,1,True
EB_FO864_RF_CGACTTCCAGAAGCAC,63,1,True
EB_FO864_RF_CGACTTCGTACCGGCT,8,1,True
EB_FO864_RF_CGACTTCGTTGAGTTC,2,1,True
EB_FO864_RF_CGACTTCTCATCTGCC,18,1,True
EB_FO864_RF_CGAGAAGCAAACTGTC,2,1,True
EB_FO864_RF_CGAGAAGCAATGGATA,292,3,True
EB_FO864_RF_CGAGAAGCAGTAAGAT,209,8,True
EB_FO864_RF_CGAGAAGGTAGTACCT,5,1,True
EB_FO864_RF_CGAGAAGGTGTCAATC,88,4,True
EB_FO864_RF_CGAGAAGGTTCGCTAA,541,3,True
EB_FO864_RF_CGAGAAGTCGCAAGCC,237,3,True
EB_FO864_RF_CGAGCACCAAACCCAT,16,1,True
EB_FO864_RF_CGAGCACCACATGGGA,6,1,True
EB_FO864_RF_CGAGCACCAGTCGATT,31,1,True
EB_FO864_RF_CGAGCACGTATATCCG,3,1,True
EB_FO864_RF_CGAGCCACAGTCAGAG,2,1,True
EB_FO864_RF_CGATCGGAGAATTCCC,92,3,True
EB_FO864_RF_CGATCGGCACAGACAG,14,1,True
EB_FO864_RF_CGATCGGTCCCTAATT,50,1,True
EB_FO864_RF_CGATCGGTCTTACCTA,18,1,True
EB_FO864_RF_CGATGGCCACATCTTT,3,1,True
EB_FO864_RF_CGATGGCCAGCGAACA,40,2,True
EB_FO864_RF_CGATGGCGTACTCAAC,30,1,True
EB_FO864_RF_CGATGTACATGTTCCC,142,2,True
EB_FO864_RF_CGATTGAAGGCAAAGA,17,1,True
EB_FO864_RF_CGATTGAGTATCACCA,6,1,True
EB_FO864_RF_CGCCAAGCAGTCGTGC,179,1,True
EB_FO864_RF_CGCCAAGTCCAAATGC,6,1,True
EB_FO864_RF_CGCGGTACACGGTTTA,21,3,True
EB_FO864_RF_CGCGGTATCGGTTCGG,103,3,True
EB_FO864_RF_CGCGTTTCAGCTCGCA,181,4,True
EB_FO864_RF_CGCGTTTCATCCTTGC,82,1,True
EB_FO864_RF_CGCGTTTGTTCCGGCA,19,2,True
EB_FO864_RF_CGCGTTTTCTGCGTAA,89,1,True
EB_FO864_RF_CGCTATCTCAGCTCTC,260,3,True
EB_FO864_RF_CGCTATCTCCCAAGAT,5,3,True
EB_FO864_RF_CGCTGGAAGTACGATA,4,1,True
EB_FO864_RF_CGCTGGATCCAAGTAC,95,1,True
EB_FO864_RF_CGCTTCAAGTTGTAGA,363,5,True
EB_FO864_RF_CGCTTCACAAGGTGTG,41,1,True
EB_FO864_RF_CGGACACAGGACCACA,90,2,True
EB_FO864_RF_CGGACACAGGTTACCT,154,4,True
EB_FO864_RF_CGGACGTCACAAGACG,261,3,True
EB_FO864_RF_CGGACGTTCACTATTC,79,2,True
EB_FO864_RF_CGGACGTTCAGGCAAG,110,3,True
EB_FO864_RF_CGGACGTTCTCGGACG,102,3,True
EB_FO864_RF_CGGACTGAGATATACG,153,4,True
EB_FO864_RF_CGGACTGTCCTTGACC,139,3,True
EB_FO864_RF_CGGAGCTAGTGGTAAT,117,2,True
EB_FO864_RF_CGGAGCTCAAGCCGCT,115,5,True
EB_FO864_RF_CGGAGCTTCTGCCCTA,109,4,True
EB_FO864_RF_CGGAGCTTCTTGCCGT,199,6,True
EB_FO864_RF_CGGAGTCAGGCTACGA,147,2,True
EB_FO864_RF_CGGAGTCAGTGTACCT,62,1,True
EB_FO864_RF_CGGAGTCCACTGAAGG,2,1,True
EB_FO864_RF_CGGCTAGCAGTAAGCG,62,2,True
EB_FO864_RF_CGGCTAGTCAGCACAT,8,1,True
EB_FO864_RF_CGGGTCATCACAAACC,2,1,True
EB_FO864_RF_CGGTTAACAGATCCAT,82,4,True
EB_FO864_RF_CGGTTAAGTGACCAAG,189,5,True
EB_FO864_RF_CGGTTAAGTGTTTGGT,246,3,True
EB_FO864_RF_CGTAGCGAGTGGTCCC,92,4,True
EB_FO864_RF_CGTAGCGGTAAGAGGA,118,4,True
EB_FO864_RF_CGTAGCGGTAAGTTCC,110,2,True
EB_FO864_RF_CGTAGGCAGGAATGGA,7,1,True
EB_FO864_RF_CGTAGGCGTGGAAAGA,30,1,True
EB_FO864_RF_CGTCACTAGGTAGCCA,85,2,True
EB_FO864_RF_CGTCACTCAGTTAACC,192,7,True
EB_FO864_RF_CGTCACTTCTTGACGA,305,6,True
EB_FO864_RF_CGTCAGGCACTTACGA,446,4,True
EB_FO864_RF_CGTCAGGTCGGAATCT,545,3,True
EB_FO864_RF_CGTCAGGTCTGAGTGT,57,3,True
EB_FO864_RF_CGTCCATCAATGCCAT,2,1,True
EB_FO864_RF_CGTCCATCATATGAGA,1196,16,True
EB_FO864_RF_CGTCCATCATGTTGAC,275,3,True
EB_FO864_RF_CGTCCATGTCTCGTTC,323,13,True
EB_FO864_RF_CGTCCATGTGAAGGCT,103,2,True
EB_FO864_RF_CGTCCATTCGCATGGC,30,2,True
EB_FO864_RF_CGTGAGCAGATGTCGG,2,1,True
EB_FO864_RF_CGTGAGCGTGTGAATA,15,1,True
EB_FO864_RF_CGTGAGCTCCGTCATC,18,1,True
EB_FO864_RF_CGTGAGCTCTGTGCAA,31,1,True
EB_FO864_RF_CGTGTAAAGACTGTAA,8,3,True
EB_FO864_RF_CGTGTAACACACAGAG,62,1,True
EB_FO864_RF_CGTGTCTAGCTGCCCA,33,1,True
EB_FO864_RF_CGTGTCTAGTTTGCGT,32,2,True
EB_FO864_RF_CGTGTCTCATGGTTGT,106,5,True
EB_FO864_RF_CGTGTCTTCTCTGTCG,55,1,True
EB_FO864_RF_CGTGTCTTCTGCTGCT,14,1,True
EB_FO864_RF_CGTTAGACAAAGCGGT,31,1,True
EB_FO864_RF_CGTTAGACAGGTCGTC,11,2,True
EB_FO864_RF_CGTTAGATCCTGTAGA,52,2,True
EB_FO864_RF_CGTTCTGCAGCGTAAG,6,1,True
EB_FO864_RF_CGTTGGGAGCGTCAAG,136,5,True
EB_FO864_RF_CGTTGGGCAACGATCT,25,3,True
EB_FO864_RF_CGTTGGGCATAAAGGT,11,1,True
EB_FO864_RF_CGTTGGGGTGCAGTAG,81,3,True
EB_FO864_RF_CTAACTTGTAGCTCCG,10,2,True
EB_FO864_RF_CTAAGACAGCTCTCGG,4,2,True
EB_FO864_RF_CTAAGACAGTCTCAAC,32,1,True
EB_FO864_RF_CTAAGACCAGATGGCA,141,3,True
EB_FO864_RF_CTAAGACTCCAGTATG,2,1,True
EB_FO864_RF_CTAATGGAGAGTAATC,225,4,True
EB_FO864_RF_CTAATGGCAAGGCTCC,149,3,True
EB_FO864_RF_CTAATGGTCGTACCGG,2,1,True
EB_FO864_RF_CTACACCAGGTTCCTA,8,1,True
EB_FO864_RF_CTACACCCATTTCAGG,30,1,True
EB_FO864_RF_CTACACCGTCACAAGG,9,1,True
EB_FO864_RF_CTACACCGTGCACTTA,506,10,True
EB_FO864_RF_CTACACCTCGCCAAAT,34,2,True
EB_FO864_RF_CTACATTGTTATCACG,292,6,True
EB_FO864_RF_CTACCCACATGTAGTC,219,6,True
EB_FO864_RF_CTACCCATCAACACGT,2,1,True
EB_FO864_RF_CTACCCATCGGTCTAA,34,3,True
EB_FO864_RF_CTACGTCCACGGTAAG,2,1,True
EB_FO864_RF_CTACGTCTCACGCGGT,80,2,True
EB_FO864_RF_CTACGTCTCAGTTCGA,102,4,True
EB_FO864_RF_CTAGAGTAGTGCTGCC,8,1,True
EB_FO864_RF_CTAGAGTCAAGGACAC,104,4,True
EB_FO864_RF_CTAGAGTGTAACGACG,12,4,True
EB_FO864_RF_CTAGAGTTCTTGACGA,87,3,True
EB_FO864_RF_CTAGCCTCAAACCTAC,10,1,True
EB_FO864_RF_CTAGCCTTCCACGAAT,4,2,True
EB_FO864_RF_CTAGTGAAGTGTACTC,288,2,True
EB_FO864_RF_CTAGTGAGTAATCACC,46,3,True
EB_FO864_RF_CTAGTGAGTATAGGGC,164,3,True
EB_FO864_RF_CTAGTGATCGTTACAG,150,4,True
EB_FO864_RF_CTCACACGTACGCTGC,302,3,True
EB_FO864_RF_CTCACACGTGAGGGAG,16,2,True
EB_FO864_RF_CTCACACTCCACTGGG,9,2,True
EB_FO864_RF_CTCAGAACACGAAAGC,191,2,True
EB_FO864_RF_CTCAGAATCGAACTGT,282,12,True
EB_FO864_RF_CTCAGAATCTCTAAGG,256,6,True
EB_FO864_RF_CTCATTAAGGCTAGAC,134,5,True
EB_FO864_RF_CTCATTAAGGGCTTGA,223,6,True
EB_FO864_RF_CTCATTAGTTTAAGCC,22,1,True
EB_FO864_RF_CTCATTATCCCTCTTT,144,3,True
EB_FO864_RF_CTCATTATCGAATGCT,200,5,True
EB_FO864_RF_CTCCTAGCATCGACGC,138,4,True
EB_FO864_RF_CTCCTAGGTAAACACA,8,2,True
EB_FO864_RF_CTCCTAGTCGTAGATC,10,1,True
EB_FO864_RF_CTCGAAAAGAACAACT,147,11,True
EB_FO864_RF_CTCGAAAAGCTACCTA,3,1,True
EB_FO864_RF_CTCGAAACAATAACGA,151,7,True
EB_FO864_RF_CTCGAAACAGACAAAT,288,5,True
EB_FO864_RF_CTCGAAATCAGTGCAT,36,2,True
EB_FO864_RF_CTCGAAATCGCAGGCT,39,2,True
EB_FO864_RF_CTCGAGGAGCTATGCT,8,1,True
EB_FO864_RF_CTCGGAGAGTTAACGA,658,9,True
EB_FO864_RF_CTCGGAGGTCATCGGC,13,1,True
EB_FO864_RF_CTCGGAGGTTGATTGC,47,2,True
EB_FO864_RF_CTCGGAGTCCCATTTA,183,3,True
EB_FO864_RF_CTCGGAGTCCCGGATG,21,2,True
EB_FO864_RF_CTCGGAGTCGAATCCA,154,2,True
EB_FO864_RF_CTCGGGAAGAGGTACC,24,2,True
EB_FO864_RF_CTCGGGAAGCGACGTA,99,3,True
EB_FO864_RF_CTCGGGAAGGCTAGGT,32,1,True
EB_FO864_RF_CTCGGGAGTTCTGTTT,32,1,True
EB_FO864_RF_CTCGGGATCCCTTGTG,98,2,True
EB_FO864_RF_CTCGTACAGTGGTAAT,59,1,True
EB_FO864_RF_CTCGTACCACTTCGAA,194,3,True
EB_FO864_RF_CTCGTACCATATACGC,694,10,True
EB_FO864_RF_CTCGTACTCGCGATCG,209,9,True
EB_FO864_RF_CTCGTCAAGCAGATCG,199,7,True
EB_FO864_RF_CTCGTCAAGTTACCCA,12,1,True
EB_FO864_RF_CTCGTCACATGGTCAT,108,6,True
EB_FO864_RF_CTCGTCAGTCAAAGAT,6,1,True
EB_FO864_RF_CTCGTCATCCACTCCA,59,2,True
EB_FO864_RF_CTCTACGAGCGTCAAG,4,1,True
EB_FO864_RF_CTCTGGTAGTTAACGA,18,1,True
EB_FO864_RF_CTCTGGTCACAGGTTT,18,1,True
EB_FO864_RF_CTCTGGTGTGTTTGTG,121,3,True
EB_FO864_RF_CTGAAACAGATATGGT,235,1,True
EB_FO864_RF_CTGAAACCAAGGTGTG,76,1,True
EB_FO864_RF_CTGAAACCAATGAAAC,118,2,True
EB_FO864_RF_CTGAAACCATGCAACT,66,1,True
EB_FO864_RF_CTGAAACTCAACGGGA,116,2,True
EB_FO864_RF_CTGAAGTAGAACAACT,4,1,True
EB_FO864_RF_CTGAAGTAGACTCGGA,357,8,True
EB_FO864_RF_CTGAAGTCATGTAGTC,32,2,True
EB_FO864_RF_CTGAAGTGTTATCACG,200,2,True
EB_FO864_RF_CTGATAGAGATGTGGC,147,3,True
EB_FO864_RF_CTGATAGCAGTCACTA,28,2,True
EB_FO864_RF_CTGATAGCATTCCTCG,117,4,True
EB_FO864_RF_CTGATAGGTTACAGAA,2,1,True
EB_FO864_RF_CTGATCCCAACGCACC,13,1,True
EB_FO864_RF_CTGATCCGTGAGTATA,10,1,True
EB_FO864_RF_CTGATCCTCCTTTACA,201,2,True
EB_FO864_RF_CTGATCCTCCTTTCGG,496,8,True
EB_FO864_RF_CTGATCCTCTGGTATG,587,15,True
EB_FO864_RF_CTGCCTATCATTGCCC,183,2,True
EB_FO864_RF_CTGCGGAAGGAGCGAG,4,1,True
EB_FO864_RF_CTGCTGTCAAGGTGTG,7,1,True
EB_FO864_RF_CTGCTGTCAGGCGATA,364,4,True
EB_FO864_RF_CTGCTGTCATATACGC,304,4,True
EB_FO864_RF_CTGCTGTGTCATCCCT,220,5,True
EB_FO864_RF_CTGTGCTTCTAGCACA,4,1,True
EB_FO864_RF_CTGTTTAAGTGTTGAA,73,1,True
EB_FO864_RF_CTGTTTACATCACGAT,205,6,True
EB_FO864_RF_CTGTTTATCTCATTCA,118,3,True
EB_FO864_RF_CTGTTTATCTGCAAGT,278,4,True
EB_FO864_RF_CTTAACTAGTCTTGCA,16,1,True
EB_FO864_RF_CTTAACTCACATGGGA,88,3,True
EB_FO864_RF_CTTAACTGTTCCCGAG,13,1,True
EB_FO864_RF_CTTACCGTCGGAAACG,18,2,True
EB_FO864_RF_CTTAGGACAGGTGCCT,2,1,True
EB_FO864_RF_CTTAGGAGTGGCTCCA,87,2,True
EB_FO864_RF_CTTCTCTCAAACCTAC,17,1,True
EB_FO864_RF_CTTCTCTCAATGGATA,17,1,True
EB_FO864_RF_CTTCTCTCACGAAATA,318,1,True
EB_FO864_RF_CTTCTCTTCTAACTTC,104,3,True
EB_FO864_RF_CTTGGCTTCCTACAGA,151,5,True
EB_FO864_RF_CTTTGCGCAGGAATCG,164,2,True
EB_FO864_RF_CTTTGCGGTACACCGC,5,3,True
EB_FO864_RF_CTTTGCGGTCCGAGTC,212,4,True
EB_FO864_RF_CTTTGCGGTGTATGGG,4,2,True
EB_FO864_RF_CTTTGCGTCTTCAACT,132,4,True
EB_FO864_RF_GAAACTCAGCAGGCTA,2,1,True
EB_FO864_RF_GAAACTCTCAGCTGGC,100,3,True
EB_FO864_RF_GAAACTCTCCCACTTG,2,1,True
EB_FO864_RF_GAAACTCTCGGTGTCG,42,5,True
EB_FO864_RF_GAAATGAAGACCTAGG,109,1,True
EB_FO864_RF_GAAATGAAGCCAGTTT,2,1,True
EB_FO864_RF_GAAATGACAAGCGATG,2,1,True
EB_FO864_RF_GAAATGACAATGACCT,216,3,True
EB_FO864_RF_GAAATGATCTCGGACG,56,1,True
EB_FO864_RF_GAACATCAGTTAACGA,24,1,True
EB_FO864_RF_GAACATCCAAGGGTCA,283,6,True
EB_FO864_RF_GAACATCCACAGCGTC,143,3,True
EB_FO864_RF_GAACATCCAGTGAGTG,287,11,True
EB_FO864_RF_GAACATCGTCGCTTCT,99,1,True
EB_FO864_RF_GAACATCTCCAGAAGG,45,2,True
EB_FO864_RF_GAACATCTCTCACATT,353,9,True
EB_FO864_RF_GAACCTAAGACAAGCC,3,1,True
EB_FO864_RF_GAAGCAGAGAGGACGG,25,2,True
EB_FO864_RF_GAAGCAGAGCGATATA,3,1,True
EB_FO864_RF_GAAGCAGGTACCGGCT,4,1,True
EB_FO864_RF_GAAGCAGTCAACTCTT,10,1,True
EB_FO864_RF_GAATAAGAGAGGTTAT,115,2,True
EB_FO864_RF_GAATAAGAGTGGGTTG,87,3,True
EB_FO864_RF_GAATAAGTCTTGTACT,475,6,True
EB_FO864_RF_GAATGAACAGCCTTGG,85,3,True
EB_FO864_RF_GAATGAACAGTCACTA,22,3,True
EB_FO864_RF_GAATGAAGTGTGAAAT,92,2,True
EB_FO864_RF_GAATGAAGTTTGTGTG,23,2,True
EB_FO864_RF_GACACGCTCATGTAGC,121,3,True
EB_FO864_RF_GACACGCTCTTCGAGA,20,2,True
EB_FO864_RF_GACAGAGCACCAGGCT,19,1,True
EB_FO864_RF_GACAGAGGTGCCTGCA,86,2,True
EB_FO864_RF_GACAGAGTCGAGGTAG,137,2,True
EB_FO864_RF_GACCAATAGAGTGAGA,121,1,True
EB_FO864_RF_GACCAATGTTGGGACA,222,8,True
EB_FO864_RF_GACCAATTCCAGTAGT,77,3,True
EB_FO864_RF_GACCTGGGTATATGGA,146,2,True
EB_FO864_RF_GACGCGTGTGACCAAG,117,3,True
EB_FO864_RF_GACGGCTGTATCAGTC,204,3,True
EB_FO864_RF_GACGGCTGTCGAAAGC,28,5,True
EB_FO864_RF_GACGGCTGTGTGAAAT,145,2,True
EB_FO864_RF_GACGTTACATAACCTG,103,2,True
EB_FO864_RF_GACGTTAGTACCGAGA,51,2,True
EB_FO864_RF_GACGTTATCCTTCAAT,116,5,True
EB_FO864_RF_GACTAACAGCGTTTAC,257,4,True
EB_FO864_RF_GACTAACAGGACACCA,5,2,True
EB_FO864_RF_GACTAACCACTAGTAC,14,3,True
EB_FO864_RF_GACTAACCAGGGTTAG,3,1,True
EB_FO864_RF_GACTAACTCTTTCCTC,98,1,True
EB_FO864_RF_GACTACAGTGGTAACG,154,1,True
EB_FO864_RF_GACTACATCTCGATGA,90,5,True
EB_FO864_RF_GACTGCGGTCTCATCC,289,6,True
EB_FO864_RF_GAGCAGACAAGCCTAT,18,1,True
EB_FO864_RF_GAGGTGACAAGCGATG,145,1,True
EB_FO864_RF_GAGGTGATCGGAAACG,176,4,True
EB_FO864_RF_GAGTCCGAGCCCGAAA,112,2,True
EB_FO864_RF_GAGTCCGCAGTCTTCC,5,1,True
EB_FO864_RF_GATCAGTAGTGAACAT,215,5,True
EB_FO864_RF_GATCAGTGTCATGCAT,18,1,True
EB_FO864_RF_GATCAGTTCGCTTGTC,38,3,True
EB_FO864_RF_GATCGATTCACTTCAT,428,8,True
EB_FO864_RF_GATCGATTCCCATTAT,71,2,True
EB_FO864_RF_GATCGCGAGTGTCTCA,353,5,True
EB_FO864_RF_GATCGCGTCTAGCACA,325,4,True
EB_FO864_RF_GATCGTAAGAGCCTAG,103,4,True
EB_FO864_RF_GATCGTAAGCTGAAAT,571,8,True
EB_FO864_RF_GATCGTAAGGGAAACA,12,1,True
EB_FO864_RF_GATCGTACAGGTCGTC,106,5,True
EB_FO864_RF_GATCGTACATTCCTCG,118,5,True
EB_FO864_RF_GATCGTAGTGCGAAAC,1145,22,True
EB_FO864_RF_GATCTAGCATTCACTT,490,9,True
EB_FO864_RF_GATCTAGGTTCCCTTG,180,6,True
EB_FO864_RF_GATCTAGTCTGAGGGA,23,2,True
EB_FO864_RF_GATGAAAAGTCGTTTG,7,1,True
EB_FO864_RF_GATGAAAAGTTAGCGG,269,5,True
EB_FO864_RF_GATGAAAGTAGGCTGA,31,1,True
EB_FO864_RF_GATGAGGAGATGTAAC,692,9,True
EB_FO864_RF_GATGAGGCAATGAAAC,10,1,True
EB_FO864_RF_GATGAGGCACCGTTGG,170,7,True
EB_FO864_RF_GATGAGGGTTCGCTAA,83,3,True
EB_FO864_RF_GATGAGGTCCAAACAC,8,1,True
EB_FO864_RF_GATGAGGTCCCATTAT,70,5,True
EB_FO864_RF_GATGCTACAATGAAAC,603,13,True
EB_FO864_RF_GATGCTACATCACGTA,123,2,True
EB_FO864_RF_GATGCTACATCGATTG,240,7,True
EB_FO864_RF_GATGCTATCGGACAAG,24,3,True
EB_FO864_RF_GATTCAGAGAGTGAGA,20,1,True
EB_FO864_RF_GATTCAGAGATGCCTT,16,1,True
EB_FO864_RF_GATTCAGAGCCACTAT,114,3,True
EB_FO864_RF_GATTCAGAGCTGAACG,107,3,True
EB_FO864_RF_GATTCAGAGGGATCTG,133,2,True
EB_FO864_RF_GATTCAGTCCAGATCA,137,6,True
EB_FO864_RF_GCAAACTAGAAGAAGC,6,1,True
EB_FO864_RF_GCAATCAAGACTAGGC,446,9,True
EB_FO864_RF_GCAATCACATGGTCTA,196,6,True
EB_FO864_RF_GCAATCAGTTCTGTTT,117,4,True
EB_FO864_RF_GCAATCATCGACAGCC,65,2,True
EB_FO864_RF_GCAATCATCTGGAGCC,3,1,True
EB_FO864_RF_GCACATATCACGCGGT,96,3,True
EB_FO864_RF_GCACTCTAGACTTTCG,20,4,True
EB_FO864_RF_GCACTCTCATGACATC,3,1,True
EB_FO864_RF_GCACTCTGTCCAAGTT,28,2,True
EB_FO864_RF_GCACTCTGTGATAAGT,2,1,True
EB_FO864_RF_GCACTCTTCGCGCCAA,6,1,True
EB_FO864_RF_GCACTCTTCTGTGCAA,119,3,True
EB_FO864_RF_GCAGCCAAGTGACTCT,606,5,True
EB_FO864_RF_GCAGCCACACACGCTG,14,1,True
EB_FO864_RF_GCAGCCATCGGCCGAT,26,3,True
EB_FO864_RF_GCAGTTACAAGCGCTC,4,1,True
EB_FO864_RF_GCAGTTACAGATCTGT,6,1,True
EB_FO864_RF_GCATACAAGCTCAACT,125,3,True
EB_FO864_RF_GCATACAAGTTGAGTA,3,1,True
EB_FO864_RF_GCATACACAACAACCT,6,2,True
EB_FO864_RF_GCATACAGTACTCAAC,167,5,True
EB_FO864_RF_GCATACAGTCCGAATT,153,3,True
EB_FO864_RF_GCATGATAGGAATCGC,29,3,True
EB_FO864_RF_GCATGATCACACAGAG,37,2,True
EB_FO864_RF_GCATGCGGTCAAAGAT,81,2,True
EB_FO864_RF_GCATGCGTCTAAGCCA,140,3,True
EB_FO864_RF_GCATGCGTCTGGTTCC,232,5,True
EB_FO864_RF_GCATGTAAGATCTGCT,209,3,True
EB_FO864_RF_GCATGTAAGGATGGAA,83,1,True
EB_FO864_RF_GCCAAATAGGAATGGA,16,1,True
EB_FO864_RF_GCCAAATAGGAGTTTA,201,5,True
EB_FO864_RF_GCCAAATCAATGGAGC,235,5,True
EB_FO864_RF_GCCAAATTCCTTTCGG,165,4,True
EB_FO864_RF_GCCTCTAAGTGACATA,23,1,True
EB_FO864_RF_GCCTCTATCGCGATCG,118,8,True
EB_FO864_RF_GCGACCATCTGCCAGG,327,3,True
EB_FO864_RF_GCGAGAAAGTGTACTC,226,7,True
EB_FO864_RF_GCGAGAATCCACGTGG,1525,29,True
EB_FO864_RF_GCGCAACTCAGCATGT,110,1,True
EB_FO864_RF_GCGCAACTCCGTACAA,22,2,True
EB_FO864_RF_GCGCAGTCAACGATGG,93,5,True
EB_FO864_RF_GCGCAGTCATCGACGC,26,2,True
EB_FO864_RF_GCGCAGTGTCTTTCAT,9,1,True
EB_FO864_RF_GCGCAGTTCAACGGGA,95,1,True
EB_FO864_RF_GCGCCAACATCCCATC,29,3,True
EB_FO864_RF_GCGCGATAGCCGCCTA,38,1,True
EB_FO864_RF_GCGGGTTGTCTTGCGG,210,4,True
EB_FO864_RF_GCGGGTTTCTCGTTTA,311,15,True
EB_FO864_RF_GCGGGTTTCTTGAGAC,112,4,True
EB_FO864_RF_GCTCCTAAGCTCAACT,26,2,True
EB_FO864_RF_GCTCCTACACAACGTT,56,2,True
EB_FO864_RF_GCTCTGTAGGGAAACA,5,2,True
EB_FO864_RF_GCTCTGTAGTCACGCC,220,2,True
EB_FO864_RF_GCTCTGTAGTCGATAA,258,2,True
EB_FO864_RF_GCTCTGTCAATTCCTT,255,1,True
EB_FO864_RF_GCTCTGTCAGATCGGA,16,1,True
EB_FO864_RF_GCTCTGTCATTCCTCG,15,1,True
EB_FO864_RF_GCTCTGTGTAAACCTC,19,2,True
EB_FO864_RF_GCTCTGTTCGGTTAAC,43,3,True
EB_FO864_RF_GCTGCAGCACATTTCT,139,1,True
EB_FO864_RF_GCTGCAGCAGTATGCT,5,1,True
EB_FO864_RF_GCTGCAGGTCTAAAGA,4,1,True
EB_FO864_RF_GCTGCGAAGCTGAAAT,3,1,True
EB_FO864_RF_GCTGCGAAGTGTCTCA,5,1,True
EB_FO864_RF_GCTGCGACACGCGAAA,14,1,True
EB_FO864_RF_GCTGCGAGTCCGACGT,90,3,True
EB_FO864_RF_GCTGCGAGTCTGGAGA,292,1,True
EB_FO864_RF_GCTGCGATCTCGGACG,33,2,True
EB_FO864_RF_GCTGCTTGTCTTCTCG,3,1,True
EB_FO864_RF_GCTGCTTTCTTGCAAG,81,2,True
EB_FO864_RF_GCTGGGTCACAGCCCA,52,2,True
EB_FO864_RF_GCTGGGTTCCAGTATG,341,12,True
EB_FO864_RF_GCTTCCAAGTCGATAA,21,2,True
EB_FO864_RF_GCTTCCACAAAGGTGC,112,1,True
EB_FO864_RF_GCTTCCACACATAACC,85,4,True
EB_FO864_RF_GCTTCCACAGACAGGT,74,2,True
EB_FO864_RF_GCTTCCAGTCCATGAT,16,1,True
EB_FO864_RF_GCTTGAAAGTGGGATC,3,1,True
EB_FO864_RF_GGAAAGCAGTGCCATT,23,1,True
EB_FO864_RF_GGAAAGCCACCAACCG,237,4,True
EB_FO864_RF_GGAAAGCGTAAGGGAA,4,1,True
EB_FO864_RF_GGAAAGCGTCTGGTCG,25,2,True
EB_FO864_RF_GGAAAGCTCGGTTAAC,173,1,True
EB_FO864_RF_GGAACTTAGTATTGGA,6,1,True
EB_FO864_RF_GGAACTTCATAGACTC,11,1,True
EB_FO864_RF_GGAACTTCATTGGGCC,3,1,True
EB_FO864_RF_GGAACTTGTAGCAAAT,87,1,True
EB_FO864_RF_GGAATAAAGCCTCGTG,738,9,True
EB_FO864_RF_GGAATAATCATGCATG,87,3,True
EB_FO864_RF_GGAATAATCCGAAGAG,80,2,True
EB_FO864_RF_GGACAAGCAAGAAAGG,7,1,True
EB_FO864_RF_GGACAAGCACCTTGTC,146,1,True
EB_FO864_RF_GGACAAGCACTGCCAG,119,5,True
EB_FO864_RF_GGACAAGGTAGAAGGA,243,3,True
EB_FO864_RF_GGACAAGGTCCATGAT,25,1,True
EB_FO864_RF_GGACAAGGTGGCGAAT,111,4,True
EB_FO864_RF_GGACAAGTCGTAGGTT,117,4,True
EB_FO864_RF_GGACATTAGGATGGAA,9,1,True
EB_FO864_RF_GGACATTAGTAATCCC,210,2,True
EB_FO864_RF_GGACATTCAACAACCT,26,1,True
EB_FO864_RF_GGACGTCAGCTAGTCT,37,4,True
EB_FO864_RF_GGACGTCCAATACGCT,56,1,True
EB_FO864_RF_GGACGTCCAGATCGGA,37,1,True
EB_FO864_RF_GGACGTCTCCCTAACC,55,4,True
EB_FO864_RF_GGAGCAAAGATAGCAT,75,1,True
EB_FO864_RF_GGAGCAATCCTCATTA,116,1,True
EB_FO864_RF_GGAGCAATCGGAGGTA,71,3,True
EB_FO864_RF_GGATGTTAGTGCCAGA,10,1,True
EB_FO864_RF_GGATGTTCACAGCCCA,31,1,True
EB_FO864_RF_GGATGTTCACGTCTCT,4,1,True
EB_FO864_RF_GGATTACAGAAGCCCA,5,1,True
EB_FO864_RF_GGATTACAGGCTCAGA,330,9,True
EB_FO864_RF_GGATTACAGTTTAGGA,91,2,True
EB_FO864_RF_GGCAATTCAACACCCG,443,5,True
EB_FO864_RF_GGCAATTCAATCCAAC,24,2,True
EB_FO864_RF_GGCAATTGTGATGCCC,100,3,True
EB_FO864_RF_GGCCGATAGGAACTGC,240,4,True
EB_FO864_RF_GGCCGATCAAGTCTAC,51,3,True
EB_FO864_RF_GGCCGATCATGGGAAC,55,1,True
EB_FO864_RF_GGCCGATGTCGAGTTT,73,2,True
EB_FO864_RF_GGCCGATGTTCCTCCA,69,2,True
EB_FO864_RF_GGCCGATTCATCTGCC,4,1,True
EB_FO864_RF_GGCCGATTCTTGTCAT,7,2,True
EB_FO864_RF_GGCGACTCACGGTTTA,21,1,True
EB_FO864_RF_GGCGACTTCATGTCTT,45,3,True
EB_FO864_RF_GGCGTGTCAAAGCAAT,109,2,True
EB_FO864_RF_GGCTCGAGTTTGACTG,26,2,True
EB_FO864_RF_GGCTGGTGTCTCCCTA,75,4,True
EB_FO864_RF_GGCTGGTTCAATCACG,4,1,True
EB_FO864_RF_GGGAATGAGCCAACAG,43,1,True
EB_FO864_RF_GGGAATGAGCGTAGTG,15,3,True
EB_FO864_RF_GGGAATGCAATGAAAC,16,1,True
EB_FO864_RF_GGGAATGTCAGCACAT,343,8,True
EB_FO864_RF_GGGAATGTCATACGGT,45,1,True
EB_FO864_RF_GGGACCTAGGCTCTTA,3,1,True
EB_FO864_RF_GGGACCTAGTTAACGA,206,1,True
EB_FO864_RF_GGGACCTGTATATCCG,617,10,True
EB_FO864_RF_GGGACCTTCAGTCAGT,165,2,True
EB_FO864_RF_GGGAGATCAGCTCGCA,36,2,True
EB_FO864_RF_GGGAGATTCCTTCAAT,10,1,True
EB_FO864_RF_GGGAGATTCGCACTCT,263,5,True
EB_FO864_RF_GGGATGACACAGGAGT,17,1,True
EB_FO864_RF_GGGATGACACGAGGTA,3,1,True
EB_FO864_RF_GGGATGATCTGAGGGA,95,1,True
EB_FO864_RF_GGGCACTCAAGACGTG,93,3,True
EB_FO864_RF_GGGCACTCACCGAATT,429,8,True
EB_FO864_RF_GGGCACTCACGTGAGA,20,1,True
EB_FO864_RF_GGGCACTCATGGGAAC,4,1,True
EB_FO864_RF_GGGCATCGTATAGGGC,80,1,True
EB_FO864_RF_GGGCATCGTCGCATAT,164,2,True
EB_FO864_RF_GGGCATCTCTCGAGTA,96,3,True
EB_FO864_RF_GGGCATCTCTCTTGAT,609,18,True
EB_FO864_RF_GGGTCTGAGACTACAA,91,3,True
EB_FO864_RF_GGGTCTGAGAGCTGGT,57,2,True
EB_FO864_RF_GGGTCTGAGATACACA,86,4,True
EB_FO864_RF_GGGTCTGAGTATCTCG,212,5,True
EB_FO864_RF_GGGTCTGCACGACTCG,74,2,True
EB_FO864_RF_GGGTCTGCATGTTGAC,4,2,True
EB_FO864_RF_GGGTCTGGTTCGCTAA,109,1,True
EB_FO864_RF_GGGTCTGTCAACGCTA,10,1,True
EB_FO864_RF_GGGTCTGTCAAGAAGT,25,3,True
EB_FO864_RF_GGGTCTGTCCGGGTGT,35,2,True
EB_FO864_RF_GGGTTGCAGATATGCA,7,1,True
EB_FO864_RF_GGGTTGCCAGTTAACC,206,7,True
EB_FO864_RF_GGGTTGCGTCTGATTG,9,1,True
EB_FO864_RF_GGGTTGCTCGCTAGCG,187,4,True
EB_FO864_RF_GGTATTGCACACATGT,86,3,True
EB_FO864_RF_GGTATTGCACCCATTC,2,1,True
EB_FO864_RF_GGTATTGGTATCAGTC,6,1,True
EB_FO864_RF_GGTATTGGTTACGCGC,427,6,True
EB_FO864_RF_GGTATTGTCGTATCAG,6,2,True
EB_FO864_RF_GGTGAAGAGAATGTGT,110,2,True
EB_FO864_RF_GGTGAAGCAATGACCT,172,7,True
EB_FO864_RF_GGTGAAGGTCTCTTAT,125,1,True
EB_FO864_RF_GGTGAAGGTGTTTGGT,199,3,True
EB_FO864_RF_GGTGAAGGTTATCCGA,272,4,True
EB_FO864_RF_GGTGAAGTCACCCTCA,179,4,True
EB_FO864_RF_GGTGCGTAGCGTCAAG,37,2,True
EB_FO864_RF_GGTGCGTGTCCGAACC,173,2,True
EB_FO864_RF_GGTGCGTGTTTGGGCC,28,2,True
EB_FO864_RF_GGTGCGTTCTACTTAC,209,1,True
EB_FO864_RF_GGTGTTATCCTCTAGC,4,2,True
EB_FO864_RF_GTAACGTCATCTACGA,13,2,True
EB_FO864_RF_GTAACGTGTAAACACA,11,1,True
EB_FO864_RF_GTAACGTGTACTCAAC,354,4,True
EB_FO864_RF_GTAACTGAGCCAGTTT,141,3,True
EB_FO864_RF_GTAACTGAGTCCGGTC,5,2,True
EB_FO864_RF_GTAACTGGTGACCAAG,37,1,True
EB_FO864_RF_GTAACTGTCAGGCCCA,63,2,True
EB_FO864_RF_GTAACTGTCAGTCCCT,291,9,True
EB_FO864_RF_GTAACTGTCCTGTAGA,101,4,True
EB_FO864_RF_GTACGTAAGATACACA,3,1,True
EB_FO864_RF_GTACGTAAGTACGTAA,310,3,True
EB_FO864_RF_GTACGTAAGTGCAAGC,19,1,True
EB_FO864_RF_GTACGTACAATTGCTG,22,1,True
EB_FO864_RF_GTACGTACACTTAACG,13,2,True
EB_FO864_RF_GTACTCCAGATCCCAT,136,4,True
EB_FO864_RF_GTACTCCAGGGCTTCC,29,3,True
EB_FO864_RF_GTACTCCGTCCTCTTG,148,7,True
EB_FO864_RF_GTACTTTAGACTGGGT,21,1,True
EB_FO864_RF_GTACTTTTCGAGCCCA,2,1,True
EB_FO864_RF_GTAGGCCAGTGCTGCC,234,4,True
EB_FO864_RF_GTAGGCCCAAATTGCC,43,2,True
EB_FO864_RF_GTAGGCCGTAAACGCG,54,2,True
EB_FO864_RF_GTAGGCCGTAGCACGA,5,1,True
EB_FO864_RF_GTAGGCCGTATTCTCT,2,1,True
EB_FO864_RF_GTAGGCCGTTCCATGA,90,1,True
EB_FO864_RF_GTAGTCACAAGCGAGT,166,6,True
EB_FO864_RF_GTAGTCATCCCGACTT,42,3,True
EB_FO864_RF_GTATCTTAGGGTGTTG,121,4,True
EB_FO864_RF_GTATCTTCACCAGCAC,123,3,True
EB_FO864_RF_GTATCTTGTACCAGTT,14,2,True
EB_FO864_RF_GTATCTTGTCCTGCTT,18,1,True
EB_FO864_RF_GTATCTTGTCTCGTTC,145,3,True
EB_FO864_RF_GTATTCTAGACCGGAT,13,2,True
EB_FO864_RF_GTATTCTCACCAGGTC,412,6,True
EB_FO864_RF_GTATTCTCAGAGCCAA,226,7,True
EB_FO864_RF_GTATTCTCATCATCCC,7,1,True
EB_FO864_RF_GTATTCTGTCAAAGAT,170,6,True
EB_FO864_RF_GTCAAGTAGTACGTAA,250,7,True
EB_FO864_RF_GTCAAGTTCAACTCTT,122,3,True
EB_FO864_RF_GTCAAGTTCGACGGAA,47,3,True
EB_FO864_RF_GTCACAAAGCTGTTCA,101,6,True
EB_FO864_RF_GTCACAAGTAGGCTGA,65,5,True
EB_FO864_RF_GTCACAATCCCAAGAT,3,1,True
EB_FO864_RF_GTCACAATCCCTTGCA,105,2,True
EB_FO864_RF_GTCACGGCACTTGGAT,84,2,True
EB_FO864_RF_GTCACGGCATTTCAGG,68,2,True
EB_FO864_RF_GTCACGGTCCAAACTG,45,1,True
EB_FO864_RF_GTCATTTAGGTCATCT,3,1,True
EB_FO864_RF_GTCGTAACAGCCTATA,440,7,True
EB_FO864_RF_GTCGTAAGTGGCGAAT,17,1,True
EB_FO864_RF_GTCGTAAGTTCCACGG,100,1,True
EB_FO864_RF_GTCGTAATCGGCTTGG,2,1,True
EB_FO864_RF_GTCTCGTAGCAGACTG,11,1,True
EB_FO864_RF_GTCTCGTTCAGAGACG,4,2,True
EB_FO864_RF_GTCTTCGCACGTTGGC,203,3,True
EB_FO864_RF_GTCTTCGGTAGGGACT,81,2,True
EB_FO864_RF_GTCTTCGGTGTTCTTT,32,3,True
EB_FO864_RF_GTCTTCGTCGGCGCTA,222,2,True
EB_FO864_RF_GTCTTCGTCTTTAGGG,50,2,True
EB_FO864_RF_GTGAAGGCAGTACACT,17,1,True
EB_FO864_RF_GTGCAGCCAGTATAAG,118,2,True
EB_FO864_RF_GTGCAGCGTGCAACGA,136,4,True
EB_FO864_RF_GTGCAGCTCACGGTTA,24,1,True
EB_FO864_RF_GTGCAGCTCCACGAAT,340,5,True
EB_FO864_RF_GTGCATAAGACCCACC,118,1,True
EB_FO864_RF_GTGCATAAGGATGGAA,8,2,True
EB_FO864_RF_GTGCATAGTAGCAAAT,92,4,True
EB_FO864_RF_GTGCATATCGAATGCT,3,1,True
EB_FO864_RF_GTGCGGTAGGTTCCTA,2,1,True
EB_FO864_RF_GTGCGGTGTAAACGCG,18,1,True
EB_FO864_RF_GTGCGGTGTATGAAAC,15,1,True
EB_FO864_RF_GTGCTTCAGCTCAACT,5,1,True
EB_FO864_RF_GTGCTTCCAGCCAATT,4,1,True
EB_FO864_RF_GTGCTTCCATGACGGA,130,4,True
EB_FO864_RF_GTGCTTCTCAAGCCTA,80,2,True
EB_FO864_RF_GTGGGTCCACTTACGA,20,1,True
EB_FO864_RF_GTGGGTCCAGACGCAA,227,3,True
EB_FO864_RF_GTGGGTCCATCATCCC,110,1,True
EB_FO864_RF_GTGGGTCCATGTAGTC,4,1,True
EB_FO864_RF_GTGGGTCGTCTCCCTA,86,3,True
EB_FO864_RF_GTGGGTCTCGCATGAT,35,1,True
EB_FO864_RF_GTGTGCGAGAGTGACC,49,2,True
EB_FO864_RF_GTGTGCGAGCGTTGCC,257,5,True
EB_FO864_RF_GTGTGCGCATTAACCG,114,3,True
EB_FO864_RF_GTGTGCGGTGCACGAA,123,4,True
EB_FO864_RF_GTGTTAGAGGACACCA,29,2,True
EB_FO864_RF_GTGTTAGTCACAAACC,64,2,True
EB_FO864_RF_GTTAAGCCAAGCGCTC,100,2,True
EB_FO864_RF_GTTAAGCCACATCTTT,8,1,True
EB_FO864_RF_GTTAAGCCATTCGACA,478,6,True
EB_FO864_RF_GTTAAGCGTGTCTGAT,581,8,True
EB_FO864_RF_GTTAAGCTCCGAATGT,181,1,True
EB_FO864_RF_GTTACAGCACCATGTA,46,2,True
EB_FO864_RF_GTTACAGCAGTAAGAT,15,2,True
EB_FO864_RF_GTTACAGGTGATAAGT,113,2,True
EB_FO864_RF_GTTACAGGTTGTACAC,3,1,True
EB_FO864_RF_GTTACAGTCGGAGCAA,266,6,True
EB_FO864_RF_GTTCATTCATGTAGTC,93,2,True
EB_FO864_RF_GTTCATTTCCTTCAAT,65,3,True
EB_FO864_RF_GTTCGGGCATGATCCA,20,1,True
EB_FO864_RF_GTTCGGGTCAACGAAA,65,2,True
EB_FO864_RF_GTTCTCGGTTAGTGGG,69,2,True
EB_FO864_RF_GTTTCTATCCACGACG,18,1,True
EB_FO864_RF_GTTTCTATCGGTCTAA,238,6,True
EB_FO864_RF_TAAACCGAGCCTCGTG,9,3,True
EB_FO864_RF_TAAACCGCAGCTGTGC,145,5,True
EB_FO864_RF_TAAACCGGTGCCTGGT,9,1,True
EB_FO864_RF_TAAACCGTCAACGAAA,267,3,True
EB_FO864_RF_TAAACCGTCATCGATG,124,3,True
EB_FO864_RF_TAAACCGTCTGCCAGG,80,3,True
EB_FO864_RF_TAAGAGAAGGTGTTAA,60,2,True
EB_FO864_RF_TAAGAGAAGTGTACTC,21,2,True
EB_FO864_RF_TAAGAGACACAGACTT,61,2,True
EB_FO864_RF_TAAGAGACACTTCTGC,23,1,True
EB_FO864_RF_TAAGAGACATACCATG,64,3,True
EB_FO864_RF_TAAGAGAGTAATTGGA,96,3,True
EB_FO864_RF_TAAGCGTCACGCCAGT,45,1,True
EB_FO864_RF_TAAGCGTGTTATCACG,23,2,True
EB_FO864_RF_TAAGTGCAGGTGCACA,194,6,True
EB_FO864_RF_TAAGTGCTCAGTCAGT,3,1,True
EB_FO864_RF_TACACGACAATGCCAT,66,2,True
EB_FO864_RF_TACAGTGCAGCCTATA,5,1,True
EB_FO864_RF_TACCTATGTCCAGTTA,262,4,True
EB_FO864_RF_TACCTATTCAGTTAGC,85,1,True
EB_FO864_RF_TACCTTATCAGCGACC,86,1,True
EB_FO864_RF_TACGGATAGAAGGCCT,2,1,True
EB_FO864_RF_TACGGATCACCGAATT,125,2,True
EB_FO864_RF_TACGGATCATCCCACT,428,4,True
EB_FO864_RF_TACGGATGTTTACTCT,413,7,True
EB_FO864_RF_TACGGTAAGAATGTTG,27,1,True
EB_FO864_RF_TACGGTACAACACCTA,33,2,True
EB_FO864_RF_TACGGTAGTCTGATTG,16,3,True
EB_FO864_RF_TACTCATAGGCGTACA,370,8,True
EB_FO864_RF_TACTCATAGGCTCAGA,11,1,True
EB_FO864_RF_TACTCATTCGCTGATA,345,11,True
EB_FO864_RF_TACTCATTCTGCTGTC,397,10,True
EB_FO864_RF_TACTCGCAGGCGATAC,22,1,True
EB_FO864_RF_TACTCGCAGGTGTGGT,106,3,True
EB_FO864_RF_TACTCGCCAATAGCGG,5,2,True
EB_FO864_RF_TACTCGCCAATGGAGC,6,1,True
EB_FO864_RF_TACTCGCCAGACGTAG,57,1,True
EB_FO864_RF_TACTCGCCAGTAAGCG,5,2,True
EB_FO864_RF_TACTCGCGTTCCCTTG,102,4,True
EB_FO864_RF_TACTTACAGTCGATAA,137,4,True
EB_FO864_RF_TACTTACCACCCTATC,555,8,True
EB_FO864_RF_TACTTACCATCGTCGG,4,1,True
EB_FO864_RF_TACTTGTAGAAGGTGA,328,8,True
EB_FO864_RF_TACTTGTAGCCTATGT,12,1,True
EB_FO864_RF_TACTTGTCAGACACTT,493,6,True
EB_FO864_RF_TAGACCAGTTAGAACA,30,1,True
EB_FO864_RF_TAGAGCTAGAGTCGGT,188,3,True
EB_FO864_RF_TAGAGCTAGTCGATAA,108,4,True
EB_FO864_RF_TAGAGCTCAACTGCTA,51,1,True
EB_FO864_RF_TAGAGCTGTCACACGC,28,1,True
EB_FO864_RF_TAGCCGGAGAATGTGT,69,2,True
EB_FO864_RF_TAGCCGGAGCCACCTG,46,2,True
EB_FO864_RF_TAGCCGGCAAATCCGT,51,3,True
EB_FO864_RF_TAGCCGGGTATAGGGC,73,1,True
EB_FO864_RF_TAGCCGGGTCGATTGT,94,3,True
EB_FO864_RF_TAGCCGGTCTTGTCAT,27,1,True
EB_FO864_RF_TAGGCATAGCACCGTC,4,1,True
EB_FO864_RF_TAGGCATTCAACACTG,327,2,True
EB_FO864_RF_TAGTGGTAGATCTGCT,130,3,True
EB_FO864_RF_TAGTGGTGTACTCTCC,197,3,True
EB_FO864_RF_TAGTGGTGTTGCTCCT,130,3,True
EB_FO864_RF_TAGTTGGAGACACTAA,675,11,True
EB_FO864_RF_TAGTTGGTCTGTGCAA,26,1,True
EB_FO864_RF_TATCAGGAGGGATCTG,329,6,True
EB_FO864_RF_TATCTCAAGAGACTTA,6,1,True
EB_FO864_RF_TATCTCAAGGTGTGGT,80,2,True
EB_FO864_RF_TATCTCAAGTACGACG,5,1,True
EB_FO864_RF_TATCTCAGTCGCGTGT,15,2,True
EB_FO864_RF_TATGCCCAGAAACCTA,28,1,True
EB_FO864_RF_TATGCCCCATGGGACA,62,3,True
EB_FO864_RF_TATGCCCTCAGGCAAG,45,1,True
EB_FO864_RF_TATGCCCTCTCGTTTA,214,5,True
EB_FO864_RF_TATTACCCATGCCACG,420,9,True
EB_FO864_RF_TATTACCTCCACGACG,190,4,True
EB_FO864_RF_TCAACGAAGTACGACG,3,1,True
EB_FO864_RF_TCAACGAAGTTCGCGC,227,4,True
EB_FO864_RF_TCAACGACATGGGACA,39,1,True
EB_FO864_RF_TCAATCTAGTAGATGT,652,11,True
EB_FO864_RF_TCAATCTCATGCTGGC,15,2,True
EB_FO864_RF_TCAATCTGTGTTCTTT,28,1,True
EB_FO864_RF_TCAATCTGTTGCCTCT,21,2,True
EB_FO864_RF_TCACAAGAGATGTGGC,50,1,True
EB_FO864_RF_TCACAAGCAAGCTGGA,23,2,True
EB_FO864_RF_TCACGAAAGGGAGTAA,34,3,True
EB_FO864_RF_TCACGAACAGCTCCGA,4,2,True
EB_FO864_RF_TCACGAAGTATAAACG,99,2,True
EB_FO864_RF_TCACGAATCAGTTTGG,33,1,True
EB_FO864_RF_TCAGATGCATGCTAGT,72,2,True
EB_FO864_RF_TCAGCAAAGTAGATGT,10,1,True
EB_FO864_RF_TCAGCAAAGTGACATA,178,4,True
EB_FO864_RF_TCAGCAACACATTCGA,362,7,True
EB_FO864_RF_TCAGCAAGTACCCAAT,36,2,True
EB_FO864_RF_TCAGCAAGTTAAAGAC,13,1,True
EB_FO864_RF_TCAGCAATCACAACGT,486,6,True
EB_FO864_RF_TCAGCAATCATTTGGG,2,1,True
EB_FO864_RF_TCAGCAATCTGCAGTA,221,1,True
EB_FO864_RF_TCAGCTCGTTAGGGTG,29,2,True
EB_FO864_RF_TCAGCTCTCCTTTACA,8,1,True
EB_FO864_RF_TCAGCTCTCTGGTATG,426,7,True
EB_FO864_RF_TCAGGATAGTCGATAA,186,2,True
EB_FO864_RF_TCAGGATGTTCACGGC,14,1,True
EB_FO864_RF_TCAGGTAAGATGGGTC,223,10,True
EB_FO864_RF_TCAGGTACAAGGGTCA,113,2,True
EB_FO864_RF_TCAGGTACACACATGT,76,4,True
EB_FO864_RF_TCAGGTAGTGCAGACA,310,5,True
EB_FO864_RF_TCAGGTATCACTCCTG,12,1,True
EB_FO864_RF_TCATTACAGCTGAACG,105,1,True
EB_FO864_RF_TCATTTGAGTTGCAGG,466,11,True
EB_FO864_RF_TCATTTGCAGATCCAT,51,3,True
EB_FO864_RF_TCATTTGGTTTCCACC,168,3,True
EB_FO864_RF_TCCACACCACAACTGT,568,10,True
EB_FO864_RF_TCCACACTCGTAGGAG,2,1,True
EB_FO864_RF_TCCCGATAGCTCCTTC,98,3,True
EB_FO864_RF_TCCCGATAGTCAAGCG,11,2,True
EB_FO864_RF_TCCCGATCAAGTACCT,6,1,True
EB_FO864_RF_TCCCGATGTACGCACC,201,2,True
EB_FO864_RF_TCCCGATTCGAATGGG,79,1,True
EB_FO864_RF_TCGAGGCAGCCCAATT,135,3,True
EB_FO864_RF_TCGAGGCCAACACCCG,7,1,True
EB_FO864_RF_TCGAGGCCAGACGTAG,90,2,True
EB_FO864_RF_TCGAGGCGTATCGCAT,7,2,True
EB_FO864_RF_TCGAGGCGTCATCGGC,85,4,True
EB_FO864_RF_TCGAGGCTCCACGAAT,4,2,True
EB_FO864_RF_TCGCGAGAGACTTGAA,130,1,True
EB_FO864_RF_TCGCGAGAGGCATGTG,3,1,True
EB_FO864_RF_TCGCGAGGTAGCGTCC,57,2,True
EB_FO864_RF_TCGCGTTAGATATGCA,117,1,True
EB_FO864_RF_TCGCGTTCATAACCTG,29,2,True
EB_FO864_RF_TCGCGTTGTTTAGCTG,62,1,True
EB_FO864_RF_TCGGGACGTCGACTGC,72,3,True
EB_FO864_RF_TCGGTAAAGCGCCTTG,243,2,True
EB_FO864_RF_TCGGTAAGTGACGCCT,288,6,True
EB_FO864_RF_TCGTACCAGAGGGATA,2,1,True
EB_FO864_RF_TCGTAGAAGTTAGCGG,71,3,True
EB_FO864_RF_TCGTAGAGTTACGCGC,30,1,True
EB_FO864_RF_TCGTAGATCAAGGTAA,84,1,True
EB_FO864_RF_TCTATTGCACGGATAG,228,6,True
EB_FO864_RF_TCTATTGGTAAACCTC,142,3,True
EB_FO864_RF_TCTCATACATTCACTT,200,4,True
EB_FO864_RF_TCTCATAGTCATGCCG,211,3,True
EB_FO864_RF_TCTCTAATCCGCATAA,78,2,True
EB_FO864_RF_TCTGAGACAAAGGCGT,35,1,True
EB_FO864_RF_TCTGAGAGTTGCCTCT,72,3,True
EB_FO864_RF_TCTGAGATCAGTTGAC,21,2,True
EB_FO864_RF_TCTGGAAAGCTTATCG,55,1,True
EB_FO864_RF_TCTGGAACAGACACTT,16,1,True
EB_FO864_RF_TCTTCGGCAATGGAAT,61,2,True
EB_FO864_RF_TCTTCGGCATGGTAGG,181,2,True
EB_FO864_RF_TCTTTCCTCTTCATGT,6,1,True
EB_FO864_RF_TGAAAGAAGCGTGAGT,253,6,True
EB_FO864_RF_TGAAAGACAATGGACG,258,8,True
EB_FO864_RF_TGAAAGACACCCAGTG,12,2,True
EB_FO864_RF_TGAAAGACATTAACCG,153,8,True
EB_FO864_RF_TGAAAGACATTACGAC,277,6,True
EB_FO864_RF_TGAAAGAGTTGATTGC,25,1,True
EB_FO864_RF_TGAAAGATCAGCTCGG,44,3,True
EB_FO864_RF_TGACAACAGCTACCGC,220,4,True
EB_FO864_RF_TGACAACCAGGCGATA,337,8,True
EB_FO864_RF_TGACAACTCGGATGGA,46,3,True
EB_FO864_RF_TGACGGCAGCGCTTAT,13,2,True
EB_FO864_RF_TGACGGCCAACGCACC,58,2,True
EB_FO864_RF_TGACGGCGTTAGGGTG,3,1,True
EB_FO864_RF_TGACGGCGTTTAGCTG,97,2,True
EB_FO864_RF_TGACTAGAGCCATCGC,2,1,True
EB_FO864_RF_TGACTAGTCGAATCCA,20,4,True
EB_FO864_RF_TGACTTTGTAAGAGGA,17,2,True
EB_FO864_RF_TGACTTTGTGTTAAGA,13,1,True
EB_FO864_RF_TGAGAGGCAGGTTTCA,294,5,True
EB_FO864_RF_TGAGAGGCATTATCTC,21,1,True
EB_FO864_RF_TGAGCATAGACGACGT,209,4,True
EB_FO864_RF_TGAGCATGTTCGGGCT,9,1,True
EB_FO864_RF_TGAGCATTCGGAGCAA,118,2,True
EB_FO864_RF_TGAGCCGCAATGTAAG,3,1,True
EB_FO864_RF_TGAGCCGCAGCGTAAG,3,1,True
EB_FO864_RF_TGAGCCGGTCATCCCT,62,1,True
EB_FO864_RF_TGAGCCGGTGACGGTA,185,4,True
EB_FO864_RF_TGAGCCGGTGGTCCGT,73,2,True
EB_FO864_RF_TGAGCCGTCCGTCATC,102,2,True
EB_FO864_RF_TGAGCCGTCCTTCAAT,8,2,True
EB_FO864_RF_TGAGGGAAGGCTATCT,138,2,True
EB_FO864_RF_TGAGGGACATTGCGGC,15,3,True
EB_FO864_RF_TGATTTCGTGCATCTA,4,1,True
EB_FO864_RF_TGATTTCTCTTGAGGT,59,3,True
EB_FO864_RF_TGCCAAAGTGTCCTCT,7,1,True
EB_FO864_RF_TGCCAAAGTTACGCGC,13,1,True
EB_FO864_RF_TGCCCATAGCACACAG,88,3,True
EB_FO864_RF_TGCCCATCACAGCGTC,11,1,True
EB_FO864_RF_TGCCCTAGTAAATGAC,64,3,True
EB_FO864_RF_TGCCCTAGTGACTCAT,238,3,True
EB_FO864_RF_TGCCCTATCGGACAAG,24,3,True
EB_FO864_RF_TGCCCTATCTCAAGTG,29,1,True
EB_FO864_RF_TGCGCAGCACATGGGA,45,3,True
EB_FO864_RF_TGCGCAGGTTAAGACA,119,2,True
EB_FO864_RF_TGCGCAGTCGATAGAA,9,1,True
EB_FO864_RF_TGCGGGTCAGACAAAT,7,2,True
EB_FO864_RF_TGCGGGTGTTTACTCT,64,1,True
EB_FO864_RF_TGCGGGTTCACAATGC,183,2,True
EB_FO864_RF_TGCGGGTTCGGATGTT,101,2,True
EB_FO864_RF_TGCGTGGGTCATCCCT,443,6,True
EB_FO864_RF_TGCTACCCAAGAAGAG,387,7,True
EB_FO864_RF_TGCTACCCACTACAGT,474,8,True
EB_FO864_RF_TGCTACCCAGATGGCA,115,3,True
EB_FO864_RF_TGCTGCTAGACCACGA,215,4,True
EB_FO864_RF_TGCTGCTCAAGGTTTC,229,2,True
EB_FO864_RF_TGCTGCTGTCCAACTA,86,2,True
EB_FO864_RF_TGCTGCTGTTAAAGTG,18,1,True
EB_FO864_RF_TGCTGCTGTTGTCGCG,196,4,True
EB_FO864_RF_TGCTGCTTCTGTCTAT,8,1,True
EB_FO864_RF_TGGACGCAGAAGGTTT,85,6,True
EB_FO864_RF_TGGACGCTCGTTTGCC,6,1,True
EB_FO864_RF_TGGCCAGAGGCTACGA,91,1,True
EB_FO864_RF_TGGCCAGCAGACAAGC,110,2,True
EB_FO864_RF_TGGCCAGTCTGAAAGA,209,6,True
EB_FO864_RF_TGGCCAGTCTGGCGAC,4,1,True
EB_FO864_RF_TGGCGCAAGAAACGCC,9,1,True
EB_FO864_RF_TGGCTGGCATTGAGCT,223,4,True
EB_FO864_RF_TGGGAAGAGAGTGAGA,255,5,True
EB_FO864_RF_TGGGAAGCAAGCGCTC,40,6,True
EB_FO864_RF_TGGGAAGCACAAGCCC,194,7,True
EB_FO864_RF_TGGGAAGGTACCGTAT,7,1,True
EB_FO864_RF_TGGGAAGGTCCGTCAG,38,6,True
EB_FO864_RF_TGGGAAGTCGACCAGC,32,4,True
EB_FO864_RF_TGGTTAGAGCCCGAAA,8,2,True
EB_FO864_RF_TGGTTAGAGTGGAGTC,25,3,True
EB_FO864_RF_TGGTTAGAGTTAAGTG,300,4,True
EB_FO864_RF_TGGTTAGCACTAAGTC,48,1,True
EB_FO864_RF_TGGTTAGTCCGCGTTT,3,1,True
EB_FO864_RF_TGGTTAGTCGCACTCT,81,6,True
EB_FO864_RF_TGGTTCCAGCAGACTG,8,2,True
EB_FO864_RF_TGGTTCCGTCTAAACC,113,2,True
EB_FO864_RF_TGGTTCCGTTTGTTGG,237,3,True
EB_FO864_RF_TGTATTCAGATACACA,75,1,True
EB_FO864_RF_TGTATTCGTACGCACC,22,1,True
EB_FO864_RF_TGTATTCGTGCTCTTC,9,1,True
EB_FO864_RF_TGTATTCGTTCGGCAC,206,2,True
EB_FO864_RF_TGTATTCTCACAGTAC,184,1,True
EB_FO864_RF_TGTCCCACAATGGAGC,92,2,True
EB_FO864_RF_TGTGGTAGTAGAGTGC,117,3,True
EB_FO864_RF_TGTGGTAGTCTAGAGG,13,1,True
EB_FO864_RF_TGTGGTAGTGACGGTA,111,3,True
EB_FO864_RF_TGTGGTAGTTCGGGCT,54,2,True
EB_FO864_RF_TGTGTTTGTACCCAAT,108,2,True
EB_FO864_RF_TGTGTTTTCAAGCCTA,128,5,True
EB_FO864_RF_TGTGTTTTCTTGAGGT,85,3,True
EB_FO864_RF_TGTTCCGAGATCGGGT,6,1,True
EB_FO864_RF_TGTTCCGAGTGAAGAG,200,5,True
EB_FO864_RF_TGTTCCGCACACCGAC,21,2,True
EB_FO864_RF_TGTTCCGGTCCAACTA,37,1,True
EB_FO864_RF_TGTTCCGGTCGTGGCT,69,2,True
EB_FO864_RF_TGTTCCGTCGGATGGA,32,2,True
EB_FO864_RF_TTAACTCCAAGTTAAG,8,2,True
EB_FO864_RF_TTAACTCGTAAAGTCA,78,2,True
EB_FO864_RF_TTAACTCGTTACGGAG,472,8,True
EB_FO864_RF_TTAGGACGTAGGCATG,26,3,True
EB_FO864_RF_TTAGGCAGTACCGTTA,20,3,True
EB_FO864_RF_TTAGGCAGTCAAAGAT,187,6,True
EB_FO864_RF_TTAGGCATCAGTGCAT,2,1,True
EB_FO864_RF_TTAGGCATCCGTAGGC,532,9,True
EB_FO864_RF_TTAGGCATCGTAGATC,67,1,True
EB_FO864_RF_TTAGTTCAGAAACGAG,2,1,True
EB_FO864_RF_TTAGTTCTCAACGGGA,225,7,True
EB_FO864_RF_TTAGTTCTCACTCTTA,207,7,True
EB_FO864_RF_TTAGTTCTCCGGCACA,220,3,True
EB_FO864_RF_TTATGCTTCCGTTGCT,13,2,True
EB_FO864_RF_TTCCCAGAGACTCGGA,3,1,True
EB_FO864_RF_TTCCCAGAGAGACTTA,4,1,True
EB_FO864_RF_TTCCCAGTCCCATTTA,50,2,True
EB_FO864_RF_TTCGAAGCAGCCAGAA,95,1,True
EB_FO864_RF_TTCGAAGGTAAGCACG,9,2,True
EB_FO864_RF_TTCGAAGGTTAGAACA,113,2,True
EB_FO864_RF_TTCGGTCAGCGTCAAG,8,1,True
EB_FO864_RF_TTCGGTCCACAAGCCC,505,7,True
EB_FO864_RF_TTCGGTCCACTCAGGC,99,2,True
EB_FO864_RF_TTCTACAAGAACAATC,27,3,True
EB_FO864_RF_TTCTACAAGCCGTCGT,14,1,True
EB_FO864_RF_TTCTACATCTATGTGG,8,1,True
EB_FO864_RF_TTCTCAACAGGCGATA,53,4,True
EB_FO864_RF_TTCTCAATCCAAATGC,113,3,True
EB_FO864_RF_TTCTCCTGTGCCTGTG,193,4,True
EB_FO864_RF_TTCTTAGCAAGTAGTA,56,1,True
EB_FO864_RF_TTGAACGCAAGTAGTA,8,1,True
EB_FO864_RF_TTGAACGCACGGTAAG,74,2,True
EB_FO864_RF_TTGAACGTCTTAGAGC,2,1,True
EB_FO864_RF_TTGACTTAGAGCTGGT,211,3,True
EB_FO864_RF_TTGACTTAGCGATGAC,116,1,True
EB_FO864_RF_TTGACTTAGTAAGTAC,16,2,True
EB_FO864_RF_TTGACTTAGTTACCCA,100,5,True
EB_FO864_RF_TTGACTTCAAGTACCT,350,4,True
EB_FO864_RF_TTGACTTGTCATTAGC,266,5,True
EB_FO864_RF_TTGACTTGTCTCTTTA,8,2,True
EB_FO864_RF_TTGCCGTAGACTTGAA,43,1,True
EB_FO864_RF_TTGCGTCTCACTTCAT,540,7,True
EB_FO864_RF_TTGGAACAGAGTAATC,14,1,True
EB_FO864_RF_TTGGAACGTACAGTGG,29,1,True
EB_FO864_RF_TTGGAACTCCAACCAA,11,1,True
EB_FO864_RF_TTGGAACTCTACCAGA,213,4,True
EB_FO864_RF_TTGGCAACATTAACCG,87,3,True
EB_FO864_RF_TTGGCAAGTGTGACCC,193,5,True
EB_FO864_RF_TTGGCAATCACAGGCC,19,2,True
EB_FO864_RF_TTGTAGGCACACTGCG,15,2,True
EB_FO864_RF_TTGTAGGGTAATCGTC,120,2,True
EB_FO864_RF_TTGTAGGGTGAAGGCT,198,4,True
EB_FO864_RF_TTGTAGGTCTGATTCT,21,4,True
EB_FO864_RF_TTTACTGAGCTCTCGG,164,2,True
EB_FO864_RF_TTTACTGAGTAATCCC,266,5,True
EB_FO864_RF_TTTACTGCACGACGAA,382,3,True
EB_FO864_RF_TTTACTGCACTTACGA,82,1,True
EB_FO864_RF_TTTACTGGTCGAACAG,50,3,True
EB_FO864_RF_TTTATGCTCCTGTACC,7,1,True
EB_FO864_RF_TTTATGCTCTACTCAT,11,2,True
EB_FO864_RF_TTTCCTCAGGGTGTGT,34,3,True
EB_FO864_RF_TTTGGTTAGACAATAC,290,2,True
EB_FO864_RF_TTTGGTTAGCCACGTC,53,2,True
EB_FO864_RF_TTTGGTTAGTCCGTAT,4,2,True
EB_FO864_RF_TTTGGTTCAGATTGCT,6,1,True
EB_FO864_RF_TTTGGTTGTTCAACCA,193,4,True
EB_FO864_RF_TTTGTCAAGAGCCTAG,300,4,True
EB_FO864_RF_TTTGTCACACATCCAA,133,4,True
EB_FO864_RF_TTTGTCAGTCCATCCT,22,2,True
EB_FO864_RF_TTTGTCAGTTAAGTAG,341,6,True
